number,value,datetime_start,datetime_complete,duration,params_class_weight,params_colsample_bytree,params_learning_rate,params_max_depth,params_min_child_samples,params_min_split_gain,params_n_estimators,params_num_leaves,params_reg_alpha,params_reg_lambda,params_subsample,user_attrs_mean_best_iteration,state
0,0.8744216445993871,2025-09-09 15:45:42.686876,2025-09-09 15:45:48.892069,0 days 00:00:06.205193,balanced,0.7256570662196111,0.15388079937474838,10,43,0.6612286857617133,955,118,5.92328822793395e-07,0.0026007882478058576,0.9288522077992247,45.6,COMPLETE
1,0.8665563051807429,2025-09-09 15:45:42.688142,2025-09-09 15:45:54.099886,0 days 00:00:11.411744,balanced,0.8435594285167507,0.010029403852546208,6,176,4.741105282922604,2758,44,0.020051509124647995,3.1132429104136744e-05,0.6862751297981875,,PRUNED
2,0.8516679160419789,2025-09-09 15:45:42.720190,2025-09-09 15:45:53.568087,0 days 00:00:10.847897,balanced,0.7813348746579685,0.0051646556487420815,4,163,1.040312101639832,580,118,9.301584869408474,4.903616962226928e-08,0.7261909299180341,,PRUNED
3,0.8625745059197308,2025-09-09 15:45:42.734313,2025-09-09 15:45:50.513262,0 days 00:00:07.778949,balanced,0.756797432551357,0.03365557457938245,-1,37,3.686164274345705,2984,250,3.7989718233694273e-08,0.037345492589777936,0.704466884253308,119.2,COMPLETE
4,0.855208618080518,2025-09-09 15:45:42.743232,2025-09-09 15:45:44.612581,0 days 00:00:01.869349,balanced,0.6798756474708678,0.14164749706864854,10,137,4.184422773875195,1018,99,0.2583828619184328,3.198605584459654e-06,0.8215566856681632,38.6,COMPLETE
5,0.8552010766705,2025-09-09 15:45:44.643721,2025-09-09 15:45:48.131645,0 days 00:00:03.487924,,0.8239059946339308,0.09655334955322188,8,149,4.64571778948525,1480,77,0.0027863386135217666,0.023515344482206664,0.6788417454826241,57.0,COMPLETE
6,0.855707562885224,2025-09-09 15:45:48.169865,2025-09-09 15:45:54.281298,0 days 00:00:06.111433,balanced,0.6924107464346386,0.007633622393410808,14,109,4.698541088771174,1228,175,0.00045819350356818175,0.03838371496085823,0.7739811861527892,,PRUNED
7,0.8530942861902382,2025-09-09 15:45:48.934542,2025-09-09 15:47:18.087904,0 days 00:01:29.153362,,0.7946104821496857,0.0032122997444087352,-1,50,0.8775867572250995,2395,75,0.4627636829104976,0.46246965542916996,0.7192168451370144,,PRUNED
8,0.8582328639896918,2025-09-09 15:45:50.540501,2025-09-09 15:45:53.389855,0 days 00:00:02.849354,balanced,0.9826703854188977,0.06237946010671586,12,159,2.1930225072174006,2077,137,4.515756754571617,4.092782646914781e-05,0.907433773602652,101.0,COMPLETE
9,0.8814356526555999,2025-09-09 15:45:53.418295,2025-09-09 15:46:49.878733,0 days 00:00:56.460438,balanced,0.8443082334538153,0.007675821644356957,-1,81,0.1194349389569771,1785,41,0.5413319644932555,0.06478599881489103,0.751600433805379,1162.0,COMPLETE
10,0.8161975488159535,2025-09-09 15:45:53.591948,2025-09-09 15:45:55.072384,0 days 00:00:01.480436,balanced,0.6866427974220723,0.0010078529028098651,10,85,3.912186166634757,1886,65,2.0035061327921882e-07,0.07418508237948399,0.6436791213419041,,PRUNED
11,0.8402160365600332,2025-09-09 15:45:54.131921,2025-09-09 15:45:54.603014,0 days 00:00:00.471093,balanced,0.7113035623056692,0.13002727083172094,8,138,4.036115218743907,1302,184,0.7139229062209479,0.8480721692741403,0.9018465025965106,,PRUNED
12,0.8549995835415625,2025-09-09 15:45:54.314595,2025-09-09 15:45:57.087852,0 days 00:00:02.773257,balanced,0.9725651809211735,0.04550606576750332,16,6,3.0196280814202128,902,184,1.0857289149679315e-06,3.222756256990097e-05,0.859430985916708,,PRUNED
13,0.8744757691435406,2025-09-09 15:45:54.624543,2025-09-09 15:46:21.292018,0 days 00:00:26.667475,balanced,0.7015225261654019,0.008474535203461926,14,99,1.568184361449202,2767,15,1.0799364510902044e-05,0.007420128648289943,0.660214540621356,907.4,COMPLETE
14,0.8779063982065193,2025-09-09 15:45:55.096675,2025-09-09 15:46:18.075975,0 days 00:00:22.979300,,0.6261208251345146,0.031111855869541842,16,14,0.48944725326031124,607,252,1.8013525405327924e-06,0.00118940577519088,0.9989956134358227,117.4,COMPLETE
15,0.883432871917455,2025-09-09 15:45:57.114101,2025-09-09 15:46:24.623873,0 days 00:00:27.509772,,0.6052990176979756,0.024614460691968855,-1,31,0.35795936978673204,2863,245,1.0701455975101122e-08,0.0015272216299506648,0.9907219017339574,210.8,COMPLETE
16,0.8840295063311718,2025-09-09 15:46:18.105686,2025-09-09 15:46:44.245502,0 days 00:00:26.139816,,0.6026225717842664,0.0215990945392145,16,53,0.055133153477081476,517,247,8.864530798669638e-06,0.0006207888515445481,0.9986773662978782,306.2,COMPLETE
17,0.8781705231721488,2025-09-09 15:46:21.320948,2025-09-09 15:46:40.612528,0 days 00:00:19.291580,,0.6006537501961803,0.0228766668512619,14,200,0.05953132533419897,2385,18,1.6397279768418087e-05,0.0009798008820043579,0.9993925292200639,781.4,COMPLETE
18,0.8802502012046185,2025-09-09 15:46:24.652099,2025-09-09 15:47:52.686626,0 days 00:01:28.034527,,0.6024087577806688,0.018885318247537933,16,9,0.05346253457614619,2218,255,1.0096885483526448e-08,8.355317702250762,0.9771051142473968,419.6,COMPLETE
19,0.8762806096951525,2025-09-09 15:46:40.643416,2025-09-09 15:46:58.628306,0 days 00:00:17.984890,,0.6011070146947249,0.018567525969391235,-1,196,0.1013151603276681,2280,211,4.5091861464645826e-05,5.788587968805048,0.9818140537142692,,PRUNED
20,0.8945006663334999,2025-09-09 15:46:44.277619,2025-09-09 15:48:04.166468,0 days 00:01:19.888849,,0.6411712619486061,0.0032677923993088857,-1,68,1.486899456209151,2257,222,1.364367749687428e-08,2.911894150335682e-07,0.9700515530135742,,PRUNED
21,0.8655463934699318,2025-09-09 15:46:49.905538,2025-09-09 15:46:57.278974,0 days 00:00:07.373436,,0.6416429976075387,0.015640389984753356,16,54,1.5686781412982842,2223,227,7.452295691826112e-05,1.1883219555115328e-07,0.9531061793775408,,PRUNED
22,0.8419505608641462,2025-09-09 15:46:57.315948,2025-09-09 15:47:03.937413,0 days 00:00:06.621465,,0.8998732959363842,0.003264839377804066,4,63,1.3106375554928484,1613,209,2.3039777417380076e-08,8.664643628800558,0.8433646562657279,,PRUNED
23,0.8436019941836311,2025-09-09 15:46:58.658456,2025-09-09 15:47:03.382127,0 days 00:00:04.723671,,0.9063411200767695,0.0028207869455584345,12,61,1.2394110753200187,433,211,1.234937515774715e-08,1.9012761194707932e-06,0.8487074381825941,,PRUNED
24,0.8484316576651434,2025-09-09 15:47:03.409310,2025-09-09 15:47:09.826974,0 days 00:00:06.417664,,0.6524369458053061,0.004329548236109735,4,22,2.3765174150969446,1528,156,4.5533181361140375e-08,0.00014554701960288124,0.9547476455344356,,PRUNED
25,0.8806363785978497,2025-09-09 15:47:03.964580,2025-09-09 15:47:49.506508,0 days 00:00:45.541928,,0.8842083552913211,0.01184008721927211,-1,27,0.5526346871677881,1833,162,0.013355815819503285,0.00020060416485220584,0.764654121816221,372.0,COMPLETE
26,0.8797333712661741,2025-09-09 15:47:09.857270,2025-09-09 15:47:42.141321,0 days 00:00:32.284051,,0.8700304122951503,0.011995794249063956,-1,75,0.767746736549217,1793,231,0.015467885940610706,0.18984039128057667,0.6039447897199766,624.8,COMPLETE
27,0.8823604713707404,2025-09-09 15:47:18.112196,2025-09-09 15:47:52.866656,0 days 00:00:34.754460,,0.8842676531709275,0.011857349093431105,-1,86,0.35879704957266023,1988,236,0.006646358339175177,0.0003819447675789753,0.7534454028606714,701.4,COMPLETE
28,0.877675745460603,2025-09-09 15:47:42.174822,2025-09-09 15:47:51.194887,0 days 00:00:09.020065,,0.9390864980968842,0.06733486163030196,-1,29,0.3439023438246178,2614,232,0.0005696639467372796,0.004605873131766809,0.77183549868505,,PRUNED
29,0.8747084790937866,2025-09-09 15:47:49.547105,2025-09-09 15:48:01.664698,0 days 00:00:12.117593,,0.7507481384784299,0.026844679192332528,6,104,0.03206191526992696,2602,239,0.0005590495094741553,0.005788002988047895,0.7835057588940639,,PRUNED
30,0.8552451184046531,2025-09-09 15:47:51.223823,2025-09-09 15:47:53.210393,0 days 00:00:01.986570,,0.8392331981387422,0.023335636009508692,6,106,1.825339341394255,2041,50,2.1918664491510369e-07,0.0006120192941294271,0.878978498920151,,PRUNED
31,0.8574885749896136,2025-09-09 15:47:52.729385,2025-09-09 15:47:54.600429,0 days 00:00:01.871044,,0.7503111080807745,0.02866323437770253,6,112,1.8009909876192067,748,39,3.569917047415958e-06,0.0005082430075002867,0.8904467561469803,,PRUNED
32,0.8465205650186954,2025-09-09 15:47:52.929020,2025-09-09 15:47:54.109022,0 days 00:00:01.180002,,0.743671260196072,0.031070263083109468,6,113,3.1599481262685516,2584,201,5.375331537001275e-06,4.321866076353494e-06,0.8800089055180884,,PRUNED
33,0.8506855006231824,2025-09-09 15:47:53.253331,2025-09-09 15:47:54.408911,0 days 00:00:01.155580,,0.6561616719436754,0.03707439772212604,16,121,2.9875906801669343,2995,202,8.24302748974979e-06,7.1437942144580615e-06,0.943701302549169,,PRUNED
34,0.8815079909844276,2025-09-09 15:47:54.144976,2025-09-09 15:48:07.218923,0 days 00:00:13.073947,,0.6659155674272174,0.04265355893632062,16,40,0.6199093981611123,2981,235,0.0025634683454477743,0.005425664608985134,0.8020293166337117,141.2,COMPLETE
35,0.8815817643387142,2025-09-09 15:47:54.443112,2025-09-09 15:48:45.505948,0 days 00:00:51.062836,,0.9258339907415066,0.00757300117231992,-1,86,0.420051694999145,1244,240,0.08590784135630303,0.003128286959004238,0.7490116983396153,1085.0,COMPLETE
36,0.8821576711644179,2025-09-09 15:47:54.634610,2025-09-09 15:48:49.171494,0 days 00:00:54.536884,,0.8593133188162012,0.007265149134963727,-1,83,0.43741706331998176,1339,237,0.11183849036414246,0.006918602108206208,0.7368706996121104,1130.8,COMPLETE
37,0.882356954053094,2025-09-09 15:48:01.692692,2025-09-09 15:49:00.622230,0 days 00:00:58.929538,balanced,0.8631902446630396,0.007165765252245725,-1,81,0.4049608738215524,1308,104,0.07967150294442055,0.0026410882157411057,0.7441576897798577,1208.0,COMPLETE
38,0.8805999409933587,2025-09-09 15:48:04.198286,2025-09-09 15:48:58.665030,0 days 00:00:54.466744,balanced,0.8194091162057324,0.00658833248163996,-1,80,0.4177082020922742,1198,104,0.11575779202209942,0.00012275319206360528,0.7433915484948062,1147.8,COMPLETE
39,0.8687266306605733,2025-09-09 15:48:07.249783,2025-09-09 15:48:09.208565,0 days 00:00:01.958782,,0.6678649043730813,0.04821365700661324,16,43,1.006971169847685,2874,242,0.003805151638653118,9.686350195839818e-05,0.8111379329776766,,PRUNED
40,0.8813957178037487,2025-09-09 15:48:09.241221,2025-09-09 15:48:18.282949,0 days 00:00:09.041728,,0.6247408343304331,0.07609683119477399,16,38,0.416043416982258,2702,222,0.0464845544391059,0.002396865026171254,0.9283292271610534,76.2,COMPLETE
41,0.8691732447029498,2025-09-09 15:48:18.320626,2025-09-09 15:48:27.787085,0 days 00:00:09.466459,,0.6229191190470166,0.005830868512287704,10,90,0.708889963143239,1186,241,0.0019351880212882767,0.010953814045123682,0.7438012540885889,,PRUNED
42,0.8670128791026175,2025-09-09 15:48:27.822941,2025-09-09 15:48:32.658961,0 days 00:00:04.836020,,0.7182346601153031,0.014393918304179777,8,49,0.9940114720272479,2501,189,0.1013712586269247,0.0021275081002096255,0.9247218285686962,,PRUNED
43,0.8654237640216036,2025-09-09 15:48:32.691052,2025-09-09 15:48:33.733502,0 days 00:00:01.042450,,0.7771506928090803,0.18954884744057565,16,36,0.34742679991347347,2849,255,0.00014129276435215479,9.883489382473713e-06,0.7197942670253356,,PRUNED
44,0.8711258828417117,2025-09-09 15:48:33.760051,2025-09-09 15:48:35.966003,0 days 00:00:02.205952,,0.8097825355724564,0.04503970320946915,12,72,0.623673898341232,2017,140,0.005072742257237196,0.0003069064189920671,0.6958741102604855,,PRUNED
45,0.8687993352721228,2025-09-09 15:48:35.995322,2025-09-09 15:48:44.716484,0 days 00:00:08.721162,balanced,0.8610092235627232,0.006997403880562492,-1,91,0.39276533693918053,1036,102,1.3356651633982077,0.021721905510103317,0.7457550886508573,,PRUNED
46,0.881633435290387,2025-09-09 15:48:44.748749,2025-09-09 15:49:32.155826,0 days 00:00:47.407077,balanced,0.8388614328896202,0.010276403434877306,-1,79,0.2468376909850919,1401,111,0.05596229211910641,0.07096296792637923,0.8229013795657432,874.2,COMPLETE
47,0.8766137764451108,2025-09-09 15:48:45.546554,2025-09-09 15:49:17.139215,0 days 00:00:31.592661,,0.933408981966254,0.010084971545286302,-1,58,0.808842118078547,1391,241,0.1264270335386919,7.420135135361325e-05,0.7918169065934296,,PRUNED
48,0.867127129206481,2025-09-09 15:48:49.207590,2025-09-09 15:48:55.378178,0 days 00:00:06.170588,,0.9268488458814231,0.009728061763801116,-1,127,1.203313749427469,1308,244,0.11266954674081271,5.152857089020467e-05,0.7878459693771515,,PRUNED
49,0.8529081844619859,2025-09-09 15:48:55.417347,2025-09-09 15:49:09.019242,0 days 00:00:13.601895,,0.9486018085567403,0.001999215515344123,-1,79,0.2540218591654469,1414,219,0.04110319044604542,0.017026654362374178,0.7088768760657403,,PRUNED
50,0.8458454507685917,2025-09-09 15:48:58.698022,2025-09-09 15:49:09.965343,0 days 00:00:11.267321,,0.9129324449796054,0.001951216220233737,-1,98,0.8425686678570647,1387,220,0.051428039758307564,0.014423788231659783,0.8300934327718169,,PRUNED
51,0.8624636476942252,2025-09-09 15:49:00.667249,2025-09-09 15:49:11.997407,0 days 00:00:11.330158,balanced,0.8570903358257743,0.004834907605213232,-1,96,0.8718971733768737,1441,122,1.6877726013237868,0.001498169816146527,0.6760467894299029,,PRUNED
52,0.8628687162442875,2025-09-09 15:49:09.049929,2025-09-09 15:49:21.535769,0 days 00:00:12.485840,balanced,0.8434691164248236,0.0049508683280413595,-1,58,0.9233577726719493,1667,125,2.8817497551905205,0.08035274447989374,0.6872320597850121,,PRUNED
53,0.8636684669713336,2025-09-09 15:49:09.998783,2025-09-09 15:49:16.200146,0 days 00:00:06.201363,balanced,0.8432695926088009,0.010877692308042001,10,55,0.8784136774205993,838,73,2.500228633863431,0.124699370903769,0.6747463972524198,,PRUNED
54,0.8779568549058804,2025-09-09 15:49:12.035563,2025-09-09 15:49:51.456922,0 days 00:00:39.421359,balanced,0.887010476588358,0.009345380890342248,10,56,0.2137825683099254,905,87,0.30180027689618033,0.060211740937305004,0.7316860317302414,,PRUNED
55,0.8826263926269796,2025-09-09 15:49:16.232992,2025-09-09 15:50:06.115181,0 days 00:00:49.882189,balanced,0.8844623012540079,0.008760331395515374,-1,87,0.24207504638179797,1093,247,0.27326031800039347,0.0032572332840178327,0.7314014861197125,1034.4,COMPLETE
56,0.8436123805567095,2025-09-09 15:49:17.177290,2025-09-09 15:49:19.020179,0 days 00:00:01.842889,balanced,0.9635381133838504,0.015838645639601204,-1,69,4.990384955832429,1041,87,0.31354835853720303,0.0006163968928480622,0.7295231632867312,,PRUNED
57,0.8828222736021546,2025-09-09 15:49:19.055601,2025-09-09 15:50:23.344665,0 days 00:01:04.289064,balanced,0.8830144900395109,0.007875953554191318,14,83,0.20309790600686625,1661,249,0.012464417203127229,0.0032412166349090887,0.7281980711044126,1223.8,COMPLETE
58,0.863813876194433,2025-09-09 15:49:21.571883,2025-09-09 15:49:29.667434,0 days 00:00:08.095551,,0.8842282299710584,0.00842406007675629,-1,81,0.2234509176704113,1130,248,7.734663151155795,2.073166462574881e-05,0.7594994518169937,,PRUNED
59,0.8824729302015658,2025-09-09 15:49:29.709899,2025-09-09 15:49:59.306617,0 days 00:00:29.596718,balanced,0.8834392882590195,0.01817557947965754,14,91,0.17335245259622578,696,200,0.012076555800637495,0.044583495851793935,0.7314456629518404,580.2,COMPLETE
60,0.8605837141670127,2025-09-09 15:49:32.202411,2025-09-09 15:49:39.695438,0 days 00:00:07.493027,balanced,0.7903009201974169,0.019420147522926028,14,19,0.15624556010906893,1565,115,0.010735801130988227,1.1430476243298557e-08,0.6500601937295017,,PRUNED
61,0.8707831325301206,2025-09-09 15:49:39.750740,2025-09-09 15:49:48.104759,0 days 00:00:08.354019,balanced,0.8817325152441499,0.012601193070173728,4,66,0.0347185804827182,1947,108,0.0011735667245322773,0.8976075679825591,0.7309856106783693,,PRUNED
62,0.8406626506024095,2025-09-09 15:49:48.138638,2025-09-09 15:49:53.323102,0 days 00:00:05.184464,balanced,0.8145049271944194,0.003873156824863669,12,91,1.1080560437262912,536,88,0.007346670216218882,0.042055184897655425,0.9787467865776334,,PRUNED
63,0.8685708350643954,2025-09-09 15:49:51.496389,2025-09-09 15:49:55.216569,0 days 00:00:03.720180,balanced,0.830162698658776,0.021139145332812238,8,50,1.135409399021889,1714,94,0.006926692644162136,0.00030423621524409657,0.9749765016425724,,PRUNED
64,0.8484628167843787,2025-09-09 15:49:53.358207,2025-09-09 15:49:54.900722,0 days 00:00:01.542515,balanced,0.994313407750094,0.02288638260564692,8,75,4.403941157577904,1719,146,0.02341612122642814,0.2571636581233231,0.9992045664812867,,PRUNED
65,0.8795185740463102,2025-09-09 15:49:54.943004,2025-09-09 15:50:40.524495,0 days 00:00:45.581491,,0.861176569843251,0.00705620916069471,-1,85,0.5871154632118729,1300,230,0.9567796235806189,0.0034714704957366136,0.7550912279947795,,PRUNED
66,0.8725384295803906,2025-09-09 15:49:55.263773,2025-09-09 15:50:07.429830,0 days 00:00:12.166057,,0.8623884010301834,0.005985624473635739,-1,87,0.5203294434596714,1298,129,0.5983537573360954,0.0044058682909304744,0.7711244242119397,,PRUNED
67,0.8835526965432946,2025-09-09 15:49:59.352637,2025-09-09 15:50:32.337888,0 days 00:00:32.985251,balanced,0.8673257709309653,0.0161338263887404,14,86,0.008455923347741895,711,131,2.6572222254099506e-07,1.4439103051560995,0.7083637546465227,649.0,COMPLETE
68,0.8728292480265892,2025-09-09 15:50:06.222479,2025-09-09 15:50:12.262966,0 days 00:00:06.040487,balanced,0.8626541253673825,0.01671162489579636,14,99,0.5837349002875161,732,231,0.5330799752604201,0.0010534531727803447,0.7089179762684433,,PRUNED
69,0.8731616119651018,2025-09-09 15:50:07.473606,2025-09-09 15:50:13.451409,0 days 00:00:05.977803,balanced,0.8984192693408437,0.017322893257104607,14,97,0.5776547539461965,646,227,2.999060135267403e-07,0.0009682760575841923,0.6994820658571891,,PRUNED
70,0.8616535105941006,2025-09-09 15:50:12.305745,2025-09-09 15:50:16.135450,0 days 00:00:03.829705,balanced,0.8984358419599541,0.01323176975875632,14,127,0.04236375752263945,485,195,9.395536496619338e-08,0.008284276901166591,0.7155358622736554,,PRUNED
71,0.8610095554632321,2025-09-09 15:50:13.497098,2025-09-09 15:50:17.352428,0 days 00:00:03.855330,balanced,0.9116951514417372,0.013021722623251429,14,123,0.699857800437864,465,200,6.745233027604291e-08,0.009174940881644705,0.7139086667072366,,PRUNED
72,0.8777278027652841,2025-09-09 15:50:16.174026,2025-09-09 15:50:34.354583,0 days 00:00:18.180557,balanced,0.612259714058978,0.02639437770371767,14,178,0.006535833467980562,785,214,0.025152423825191443,0.025323733101994816,0.7585025364504634,,PRUNED
73,0.8407976734524305,2025-09-09 15:50:17.396329,2025-09-09 15:50:21.512397,0 days 00:00:04.116068,balanced,0.7709696011095504,0.008298601775496765,4,31,3.670479403799356,964,248,8.977568427734917e-07,0.0273034624588827,0.9603988742842012,,PRUNED
74,0.872746157041961,2025-09-09 15:50:21.554037,2025-09-09 15:50:25.624299,0 days 00:00:04.070262,,0.8725515807354266,0.026218321640188922,-1,111,0.2938483429430975,576,174,3.190810547895202e-05,0.0001965294358350009,0.7573872273446237,,PRUNED
75,0.8826863676595437,2025-09-09 15:50:23.390755,2025-09-09 15:50:49.343707,0 days 00:00:25.952952,balanced,0.8739353821508079,0.02558724003417747,14,66,0.2360948956888616,775,216,0.024142282685794766,0.0031612601143924364,0.7587561742925041,336.2,COMPLETE
76,0.8656418778562526,2025-09-09 15:50:25.675800,2025-09-09 15:50:34.600542,0 days 00:00:08.924742,balanced,0.8530984291062064,0.00542995105727745,14,64,0.0014787775365718014,682,213,0.023868864002054624,0.0035032399914259713,0.7372205453187264,,PRUNED
77,0.8786960686323506,2025-09-09 15:50:32.381770,2025-09-09 15:51:03.372703,0 days 00:00:30.990933,balanced,0.8946995454332094,0.015177556625213988,14,71,0.012720580367016898,657,214,0.023996576312625736,1.985468437645596,0.6847263012003334,,PRUNED
78,0.8835059428117267,2025-09-09 15:50:34.399385,2025-09-09 15:50:54.152488,0 days 00:00:19.753103,balanced,0.8738024882947408,0.03758435210277215,14,105,0.20066687578997291,643,252,0.00030391506114221204,1.8103601541215848,0.622627523421756,334.0,COMPLETE
79,0.8978323338330835,2025-09-09 15:50:34.646502,2025-09-09 15:51:22.497291,0 days 00:00:47.850789,balanced,0.9223660645119168,0.014782536407100526,14,73,0.21094025254751242,1098,250,1.4143805238982254e-07,3.048095538494506,0.6891314176435898,,PRUNED
80,0.8664935604486912,2025-09-09 15:50:40.584795,2025-09-09 15:50:44.398355,0 days 00:00:03.813560,balanced,0.9212954972128345,0.014859066522196903,14,105,0.16644005581690235,405,250,2.121624229076134e-06,0.5767187146025542,0.9885566210600488,,PRUNED
81,0.8811948192570381,2025-09-09 15:50:44.472582,2025-09-09 15:51:00.187096,0 days 00:00:15.714514,balanced,0.8734943477558789,0.03417660979703161,14,116,0.31611778155398235,2175,154,4.3643041448866873e-07,2.6187620464275696,0.6210343663400647,,PRUNED
82,0.8711362692147901,2025-09-09 15:50:49.410404,2025-09-09 15:50:51.669204,0 days 00:00:02.258800,balanced,0.8919680957779959,0.03607281636598962,14,73,1.3566258426236897,839,255,0.0012607785167308941,2.323751170368077,0.690418890604628,,PRUNED
83,0.8839732794245447,2025-09-09 15:50:51.742653,2025-09-09 15:51:41.283148,0 days 00:00:49.540495,balanced,0.8736182024317953,0.019384529376377545,14,47,0.14839126756137522,2157,224,0.00010985151571075985,3.6783730057965927,0.6650489634435565,559.6,COMPLETE
84,0.8695056086414625,2025-09-09 15:50:54.223422,2025-09-09 15:50:57.451048,0 days 00:00:03.227626,balanced,0.6350802119733419,0.057370090481005574,14,115,0.16204005849176867,655,163,0.00014732648725814137,3.5339243203292705,0.6254800699735824,,PRUNED
85,0.8777798600699649,2025-09-09 15:50:57.534814,2025-09-09 15:51:21.059619,0 days 00:00:23.524805,balanced,0.8742655679276724,0.019969185385384322,14,94,0.31000546209954927,587,246,0.0003662020710529816,1.631329518733794,0.6074149122643755,,PRUNED
86,0.8726111341919401,2025-09-09 15:51:00.249740,2025-09-09 15:51:06.433617,0 days 00:00:06.183877,balanced,0.8757141030441309,0.019630613701075675,14,94,0.4897288592647703,580,235,0.00029445483761803817,0.000533158585824222,0.6595417959088883,,PRUNED
87,0.8812052307179744,2025-09-09 15:51:03.438821,2025-09-09 15:51:27.405903,0 days 00:00:23.967082,balanced,0.8306630735586406,0.021799415828296392,14,92,0.15162265765164104,821,225,1.8056893239109384e-08,0.0005156155101430497,0.7791959971807632,,PRUNED
88,0.8824659156365593,2025-09-09 15:51:06.506161,2025-09-09 15:51:27.270307,0 days 00:00:20.764146,balanced,0.7354121605163638,0.03887451291917515,14,102,0.30050465176307606,513,246,2.3489936877830208e-08,1.173746939708506,0.7751597512849522,324.2,COMPLETE
89,0.8718840880764436,2025-09-09 15:51:21.142845,2025-09-09 15:51:25.207276,0 days 00:00:04.064431,balanced,0.904559660465007,0.03053900293299337,14,48,0.7190976391203048,736,227,2.4430973932372013e-08,0.0008043712455913485,0.778832512331157,,PRUNED
90,0.864873286248442,2025-09-09 15:51:22.570742,2025-09-09 15:51:26.835472,0 days 00:00:04.264730,balanced,0.9120954756126818,0.025458639757813685,6,102,0.1588623274604275,835,236,3.69524544223847e-08,0.001905807350536355,0.7681093916751314,,PRUNED
91,0.8717179061071875,2025-09-09 15:51:25.300363,2025-09-09 15:51:30.902988,0 days 00:00:05.602625,balanced,0.8274112717342398,0.024016415653633928,16,102,0.45895271486370404,878,224,1.5813986013805424e-05,0.0017946190045640712,0.7669399944480908,,PRUNED
92,0.8961040313176746,2025-09-09 15:51:26.900914,2025-09-09 15:51:48.760361,0 days 00:00:21.859447,balanced,0.8266736826975232,0.03988477311601551,16,88,0.4511182084589649,512,205,0.1958283184794538,6.041341512039707,0.8003484947448358,,PRUNED
93,0.8987693653173414,2025-09-09 15:51:27.383736,2025-09-09 15:51:48.030310,0 days 00:00:20.646574,balanced,0.8284431130475518,0.039219755622765924,14,138,0.4529190006907031,912,207,1.4412255339382974e-08,0.9556611627062982,0.8018958001654085,,PRUNED
94,0.896020739630185,2025-09-09 15:51:27.578034,2025-09-09 15:51:47.058291,0 days 00:00:19.480257,balanced,0.6911246792324608,0.04012636991037093,16,135,0.5200922690673475,519,243,2.9391996874954563e-05,0.3865693818705839,0.8007243116682693,,PRUNED
95,0.8708454507685915,2025-09-09 15:51:30.992787,2025-09-09 15:51:35.345761,0 days 00:00:04.352974,balanced,0.728986077491766,0.03725080646262935,14,108,0.3343627721584575,508,244,4.137678926973311e-08,0.2894241002265643,0.8001108826512936,,PRUNED
96,0.8779464434449442,2025-09-09 15:51:35.437313,2025-09-09 15:52:19.615852,0 days 00:00:44.178539,balanced,0.610489607085551,0.011280829889897663,14,77,0.4291830924853878,933,235,0.0011251675227335655,1.1978782988070544,0.7917240919684763,,PRUNED
97,0.8602721229746573,2025-09-09 15:51:41.360528,2025-09-09 15:51:43.964383,0 days 00:00:02.603855,balanced,0.8509445812637041,0.031045140724312602,14,46,2.3369847861489172,954,255,5.861486059851435e-05,1.1713076788308894,0.6396017102958909,,PRUNED
98,0.870076859160781,2025-09-09 15:51:44.042639,2025-09-09 15:51:48.245157,0 days 00:00:04.202518,balanced,0.6871367527890795,0.05272639344042506,14,34,0.12427112940143879,2430,205,0.00021620296032546466,0.45940583465507256,0.6652539515341224,,PRUNED
99,0.856439551308683,2025-09-09 15:51:47.135315,2025-09-09 15:51:49.401153,0 days 00:00:02.265838,balanced,0.6107614930765932,0.05896936832352959,14,42,2.767305696592485,2151,205,0.00014421720921511963,5.61212267227468,0.6300545626793728,,PRUNED
100,0.8561279601163274,2025-09-09 15:51:48.225200,2025-09-09 15:51:53.653271,0 days 00:00:05.428071,balanced,0.6189781140334258,0.01747051314939727,14,41,2.0390212880479726,2146,238,9.632680728724526e-05,9.264841035852802,0.6309123855026256,,PRUNED
101,0.8634295803905276,2025-09-09 15:51:48.433494,2025-09-09 15:51:52.605366,0 days 00:00:04.171872,balanced,0.9428132200419387,0.017885115027909397,12,61,2.622507978366557,706,217,1.0032473071862554e-08,0.19766988859268703,0.7244630703810291,,PRUNED
102,0.8605110095554632,2025-09-09 15:51:49.004858,2025-09-09 15:51:51.234197,0 days 00:00:02.229339,balanced,0.6150392777674913,0.07319163961204114,12,43,1.839590384455931,712,236,0.0007355899168965482,9.136311848254156,0.9877279799575753,,PRUNED
103,0.8747299542999585,2025-09-09 15:51:49.538186,2025-09-09 15:51:51.961971,0 days 00:00:02.423785,balanced,0.6776787143018872,0.09109681834617607,12,61,0.2874893864268036,2347,237,0.0009520399187725011,0.15266920269607623,0.7243297567970978,,PRUNED
104,0.8727773161611966,2025-09-09 15:51:51.302857,2025-09-09 15:52:00.642825,0 days 00:00:09.339968,balanced,0.7072148161494768,0.01771847393724863,14,25,0.26686103763276176,445,232,0.003136301580205271,4.338696856640004,0.7022869847601658,,PRUNED
105,0.8741879060469765,2025-09-09 15:51:52.045714,2025-09-09 15:52:21.498270,0 days 00:00:29.452556,,0.8805224203615649,0.01763502076289447,14,78,0.6835645895552303,1967,219,0.002493958612643184,4.215138112909559,0.7419423385437484,,PRUNED
106,0.86762567511425,2025-09-09 15:51:52.706692,2025-09-09 15:52:08.766480,0 days 00:00:16.059788,,0.8790091447943328,0.011238269163755844,14,22,0.11505278353255241,1883,232,0.002888235509149699,4.380996426795368,0.7021395441079785,,PRUNED
107,0.8687162442874948,2025-09-09 15:51:53.691221,2025-09-09 15:51:59.917006,0 days 00:00:06.225785,,0.8828131364595942,0.011261521360499249,10,78,0.10520547781560191,622,230,0.0017556367162665997,4.25573834103963,0.7388316123685691,,PRUNED
108,0.8738263398421272,2025-09-09 15:51:59.982039,2025-09-09 15:52:05.460566,0 days 00:00:05.478527,,0.8058764046771507,0.028254359221447842,4,84,0.3520688017051564,1920,251,0.002971110236483568,0.00037786484594674115,0.7031845241147946,,PRUNED
109,0.8726942251765685,2025-09-09 15:52:00.732697,2025-09-09 15:52:04.641268,0 days 00:00:03.908571,,0.891340593664452,0.028690078453962445,8,84,0.641703255179709,1957,249,0.00781342513575094,0.00033231567565073135,0.750565738036663,,PRUNED
110,0.8694225176568341,2025-09-09 15:52:04.718684,2025-09-09 15:52:08.096737,0 days 00:00:03.378053,,0.8485394443918142,0.049284459458606523,4,53,0.3553855603009422,782,132,4.9374288288113215e-06,0.6874343171115521,0.667950366243155,,PRUNED
111,0.875416458437448,2025-09-09 15:52:05.543889,2025-09-09 15:52:32.581713,0 days 00:00:27.037824,balanced,0.8480490614261788,0.01346192028149856,6,76,0.770584610158348,1825,133,0.004816642283530292,1.444734519569398,0.6126878629415267,,PRUNED
112,0.8656626506024097,2025-09-09 15:52:08.172233,2025-09-09 15:52:25.785834,0 days 00:00:17.613601,balanced,0.8681057491022415,0.008847604655906501,14,15,0.12648349859964914,2691,244,0.010392867715375334,0.012529286605724957,0.9421053630156234,,PRUNED
113,0.8460012463647695,2025-09-09 15:52:08.849605,2025-09-09 15:52:13.955377,0 days 00:00:05.105772,balanced,0.6500094317908925,0.009464195764115817,6,11,3.370223098733109,2730,242,0.03537106192936048,0.0015385685770475126,0.789721303065151,,PRUNED
114,0.8794456938197568,2025-09-09 15:52:14.096863,2025-09-09 15:52:47.674755,0 days 00:00:33.577892,balanced,0.6312367486402142,0.013412063182078137,14,77,0.7449064662235119,2305,222,0.004783432730519986,0.011020953399460898,0.9378347636838457,,PRUNED
115,0.8736881559220389,2025-09-09 15:52:19.705597,2025-09-09 15:53:01.340821,0 days 00:00:41.635224,balanced,0.886337240016921,0.0062436569594212935,-1,67,0.209977362656419,1017,218,0.06912808642892798,0.0026623015454074347,0.7454815532177712,,PRUNED
116,0.8801120273196735,2025-09-09 15:52:21.569246,2025-09-09 15:53:34.398547,0 days 00:01:12.829301,balanced,0.889542001782615,0.006182667448373727,-1,67,0.2212236250435247,1478,247,0.0706952874336944,0.005465063844240139,0.718941446434287,,PRUNED
117,0.8834675483543369,2025-09-09 15:52:25.841283,2025-09-09 15:52:58.300284,0 days 00:00:32.459001,balanced,0.8677041723346767,0.022937450109376152,-1,68,0.24930701209707967,1607,253,0.16812265914157848,0.0027094781588196475,0.7481713464357134,384.6,COMPLETE
118,0.8795289855072463,2025-09-09 15:52:32.660577,2025-09-09 15:53:45.321127,0 days 00:01:12.660550,balanced,0.9020751818187019,0.0064424051820994,-1,68,0.24149169533376863,2066,253,0.06395168920824093,0.0030666206039211123,0.7491199310215911,,PRUNED
119,0.8734108849189863,2025-09-09 15:52:47.725851,2025-09-09 15:53:01.118223,0 days 00:00:13.392372,balanced,0.9014090769700273,0.006333549803438023,-1,69,0.21937106528652017,1004,144,0.07224179046643943,0.0025046176779397523,0.7200205959523307,,PRUNED
120,0.8822805665440374,2025-09-09 15:52:58.363148,2025-09-09 15:53:32.776937,0 days 00:00:34.413789,balanced,0.8917691283657376,0.021216402558002723,-1,65,0.24784685540462048,1613,254,0.06922611061981547,0.004836358627571963,0.7621675490226697,407.0,COMPLETE
121,0.8847638730835385,2025-09-09 15:53:01.156724,2025-09-09 15:53:32.690672,0 days 00:00:31.533948,balanced,0.6002794736297021,0.023658339120391808,-1,65,0.01002485598792447,1645,253,0.202281856891391,0.0011252078818185921,0.7631408134446409,357.2,COMPLETE
122,0.8745741587037806,2025-09-09 15:53:01.420922,2025-09-09 15:53:07.140382,0 days 00:00:05.719460,balanced,0.8712739649011292,0.022433858243074065,-1,100,0.013629624156771436,1619,253,0.016249828881065038,0.0049334543296049955,0.7626135273401917,,PRUNED
123,0.876572130601366,2025-09-09 15:53:07.199619,2025-09-09 15:53:22.353017,0 days 00:00:15.153398,balanced,0.9085873869574266,0.024236704423443285,-1,89,0.5338041945921939,1528,247,1.4898890744724342e-07,0.00016982403489292373,0.7521530952262264,,PRUNED
124,0.8717179061071874,2025-09-09 15:53:22.401426,2025-09-09 15:53:27.148762,0 days 00:00:04.747336,balanced,0.8650222324381933,0.03239077327232202,16,95,0.27182610767573395,564,242,9.72864236333556e-07,0.0009403889889869007,0.9647015323384688,,PRUNED
125,0.8755608641462401,2025-09-09 15:53:27.203590,2025-09-09 15:53:41.247853,0 days 00:00:14.044263,balanced,0.8560938671201297,0.007962759574473812,-1,82,0.34698092647758266,1469,251,0.18505856353453665,0.006254128799438954,0.7313021179841748,,PRUNED
126,0.8854098553133072,2025-09-09 15:53:32.824002,2025-09-09 15:54:20.675536,0 days 00:00:47.851534,balanced,0.6069662755472179,0.016074017046676315,-1,53,0.059138065407808055,1757,247,0.03226974154791616,0.0012583335695259532,0.7285894943286795,467.2,COMPLETE
127,0.8756647278770253,2025-09-09 15:53:32.901457,2025-09-09 15:53:40.163707,0 days 00:00:07.262250,balanced,0.6046023192299842,0.019924452274858902,-1,51,0.060887237072813655,1771,247,0.3970337778927738,0.0013437299700058854,0.7735736990675904,,PRUNED
128,0.8841328131115164,2025-09-09 15:53:34.454306,2025-09-09 15:54:15.600957,0 days 00:00:41.146651,balanced,0.8544098319683197,0.020107290929720904,-1,59,0.0012413987179462904,2084,241,0.21648980300679183,0.0011849094524007675,0.731877090630227,407.4,COMPLETE
129,0.8835904136285271,2025-09-09 15:53:40.240676,2025-09-09 15:54:23.248504,0 days 00:00:43.007828,balanced,0.600635271548404,0.0157595440418637,-1,83,0.3719964800412577,1664,228,0.25258595076314355,0.0006786974149154358,0.7339040974719722,619.2,COMPLETE
130,0.8842314184273325,2025-09-09 15:53:41.310511,2025-09-09 15:54:27.175102,0 days 00:00:45.864591,balanced,0.604875699068671,0.016296564439347863,-1,59,0.11450631660142083,1534,240,0.19454276206540427,0.000788401329919857,0.7323914797211255,486.2,COMPLETE
131,0.868300789364354,2025-09-09 15:53:45.367382,2025-09-09 15:53:49.844557,0 days 00:00:04.477175,,0.8390004575167784,0.02601332294024594,14,57,0.005567721886516219,1701,241,2.436369318320512e-08,0.0007204328052544636,0.7825053807095803,,PRUNED
132,0.8751353489921705,2025-09-09 15:53:49.895350,2025-09-09 15:54:18.699422,0 days 00:00:28.804072,balanced,0.6025720635259266,0.016215626176143538,8,106,0.10099011278389808,2525,229,0.21141314516147064,8.846191472694261e-05,0.7342892492132846,,PRUNED
133,0.8848963670775054,2025-09-09 15:54:15.701535,2025-09-09 15:54:42.329584,0 days 00:00:26.628049,balanced,0.63939202692432,0.03381668007618821,10,61,0.11605262912959588,2453,239,0.21600534319115133,0.0011622922874157666,0.7322896974730218,304.0,COMPLETE
134,0.8988734799267034,2025-09-09 15:54:18.758959,2025-09-09 15:54:55.658698,0 days 00:00:36.899739,balanced,0.761578485818186,0.02354979107205825,10,61,0.10376081393778429,615,239,1.1782538313130713,0.0002494183740259741,0.6526039468599429,,PRUNED
135,0.8728292480265891,2025-09-09 15:54:20.755956,2025-09-09 15:54:26.841841,0 days 00:00:06.085885,balanced,0.6217762269700235,0.0233358423148845,-1,61,0.12113860049243762,1634,241,0.1233681415477276,0.0012227001371454488,0.7106931548242456,,PRUNED
136,0.8857846980124396,2025-09-09 15:54:23.340223,2025-09-09 15:55:05.605088,0 days 00:00:42.264865,balanced,0.6314061094623399,0.020670808276994215,-1,60,0.09979335052088587,1758,239,0.7335292857163855,0.0012291982552920292,0.7103283911139995,457.4,COMPLETE
137,0.8991441779110445,2025-09-09 15:54:26.893042,2025-09-09 15:55:09.053926,0 days 00:00:42.160884,balanced,0.6042864102130121,0.019573216322549967,-1,47,0.006537352878011729,1746,225,0.3542025737766657,0.000808327820119369,0.7267617442486243,,PRUNED
138,0.8853053894739377,2025-09-09 15:54:27.256475,2025-09-09 15:55:21.185989,0 days 00:00:53.929514,balanced,0.6010807256905059,0.015137203641631672,-1,46,0.07207183629589228,1575,238,0.7054104870801753,0.0006821617068960112,0.9113289200075156,524.8,COMPLETE
139,0.883938286880656,2025-09-09 15:54:42.443129,2025-09-09 15:55:24.729809,0 days 00:00:42.286680,balanced,0.6404787842028773,0.020485906899448274,10,55,0.07833754872292303,1753,239,0.8749565830509042,0.0004991301086614027,0.7270893187955556,480.8,COMPLETE
140,0.8757893643539676,2025-09-09 15:54:55.713625,2025-09-09 15:55:02.715408,0 days 00:00:07.001783,balanced,0.6002580883817986,0.02066315114109991,10,53,0.002975498546624082,1571,225,0.16360172609982185,0.0009125111484623846,0.7217806473284973,,PRUNED
141,0.8839923512139511,2025-09-09 15:55:02.766723,2025-09-09 15:55:49.251078,0 days 00:00:46.484355,balanced,0.6292478841930039,0.0157580053409295,10,46,0.3958142899191244,1765,234,0.037944457487427544,0.00048276732442332934,0.6944754844669506,540.2,COMPLETE
142,0.8821852377024338,2025-09-09 15:55:05.678121,2025-09-09 15:55:49.670567,0 days 00:00:43.992446,balanced,0.640102459321715,0.01592432788419342,-1,48,0.39036955414961616,1764,233,0.7350237990854968,0.0004732304639481974,0.6816109323316591,471.8,COMPLETE
143,0.8739302035729124,2025-09-09 15:55:09.097254,2025-09-09 15:55:17.265840,0 days 00:00:08.168586,balanced,0.6308826845171145,0.015631166643535158,-1,56,0.4191657496404141,1870,255,0.5104672452139332,0.000582307335023603,0.9145656477661465,,PRUNED
144,0.9002477927702817,2025-09-09 15:55:17.366694,2025-09-09 15:55:51.266848,0 days 00:00:33.900154,balanced,0.6429111517846491,0.02907645230675206,-1,37,0.11692723227652535,2831,234,2.006026827020851,0.001780347623278054,0.710574998194327,,PRUNED
145,0.8757478188616535,2025-09-09 15:55:21.261572,2025-09-09 15:55:31.771885,0 days 00:00:10.510313,balanced,0.6414777872314432,0.014655269123493462,-1,46,0.14795938458561808,1542,235,0.8787440289285132,1.695895479663322e-06,0.8698817564833138,,PRUNED
146,0.8739405899459909,2025-09-09 15:55:24.912001,2025-09-09 15:55:35.650209,0 days 00:00:10.738208,balanced,0.6433910851894361,0.01449241374173633,10,46,0.10312949081717523,1820,235,0.7240594404550929,0.0004274958776493161,0.8953050303770154,,PRUNED
147,0.9001020323171747,2025-09-09 15:55:31.932630,2025-09-09 15:56:08.283214,0 days 00:00:36.350584,balanced,0.6267343823416558,0.02833688084373572,10,32,0.09220983395148653,1803,233,1.8118974381678146,0.00041955002079798864,0.9873180475454861,,PRUNED
148,0.8754466140423763,2025-09-09 15:55:35.717062,2025-09-09 15:55:41.337823,0 days 00:00:05.620761,balanced,0.6164404921892476,0.02856301056639731,10,35,0.34450583879939806,2817,239,1.514471802581692,0.00014974083600380423,0.7122403133275741,,PRUNED
149,0.8999458604031318,2025-09-09 15:55:41.393963,2025-09-09 15:56:37.658638,0 days 00:00:56.264675,balanced,0.6262593823716687,0.016010624638150412,10,58,0.09029115317103609,1656,232,2.122282204082403,0.0002558821173175072,0.844258485452316,,PRUNED
150,0.8774987506246877,2025-09-09 15:55:49.349284,2025-09-09 15:56:18.092918,0 days 00:00:28.743634,balanced,0.6262544594499169,0.015935616674028846,10,58,0.09226414585181157,1730,231,0.27186142491806614,0.00024103629499440076,0.6846954420324026,,PRUNED
151,0.8786023654839246,2025-09-09 15:55:49.780778,2025-09-09 15:56:23.007804,0 days 00:00:33.227026,balanced,0.6257905080685409,0.018484575773138782,10,58,0.08691852724451368,1666,228,0.27890799222597457,0.0002560773154873138,0.7123505977019712,,PRUNED
152,0.8634191940174492,2025-09-09 15:55:51.324782,2025-09-09 15:55:57.410955,0 days 00:00:06.086173,balanced,0.6591123129826376,0.018952267657818402,10,57,0.5192767764131362,1664,228,3.7961493920698985,0.0002697537257636651,0.6971169870214642,,PRUNED
153,0.8725903614457831,2025-09-09 15:55:57.461310,2025-09-09 15:56:05.056581,0 days 00:00:07.595271,balanced,0.6270767123333041,0.01673502577652824,10,53,0.05974823082842612,1691,30,0.3389215821178278,0.0013441727369507435,0.8371227592964025,,PRUNED
154,0.8838792250461115,2025-09-09 15:56:05.105486,2025-09-09 15:57:02.907251,0 days 00:00:57.801765,balanced,0.6124038423627061,0.012816892760424196,10,59,0.008518280793761393,1588,242,0.15703517276158854,0.0002265330552630205,0.7385485040998564,746.4,COMPLETE
155,0.8843360046884188,2025-09-09 15:56:08.334013,2025-09-09 15:56:46.476885,0 days 00:00:38.142872,balanced,0.611760132455137,0.021500912516689234,10,60,0.20243558046929933,1558,244,0.24143145444097755,0.0007404959625043648,0.7361505865267822,456.8,COMPLETE
156,0.883676911544228,2025-09-09 15:56:18.177221,2025-09-09 15:56:44.419176,0 days 00:00:26.241955,balanced,0.6153984210809659,0.03401061580405848,-1,63,0.2067335647856335,1584,244,0.4052724865919083,0.0006511603776024497,0.6957495947445412,252.8,COMPLETE
157,0.875540091400083,2025-09-09 15:56:23.122643,2025-09-09 15:56:33.380196,0 days 00:00:10.257553,balanced,0.6112508605434566,0.01221930251524851,-1,52,0.29401751172211993,1591,244,0.1430323842455336,0.000725055486612764,0.6930139493586097,,PRUNED
158,0.8842898731357213,2025-09-09 15:56:33.429979,2025-09-09 15:57:16.938717,0 days 00:00:43.508738,balanced,0.6071886268539275,0.02085903413096817,-1,40,0.202669179492291,1513,240,0.561953932679073,0.0011178129737213674,0.7397400492209955,365.0,COMPLETE
159,0.8635646032405484,2025-09-09 15:56:37.747043,2025-09-09 15:56:43.797946,0 days 00:00:06.050903,balanced,0.60886923433959,0.021791425553545116,-1,39,0.2022139170770051,2249,239,7.876401209653686,0.0012047711885630357,0.7421778336158874,,PRUNED
160,0.8843438973284441,2025-09-09 15:56:43.901359,2025-09-09 15:57:10.105230,0 days 00:00:26.203871,balanced,0.6160948033833875,0.034586974476308686,-1,63,0.3923244100040658,2443,249,2.066935351949201e-06,0.001984053181023143,0.9996448976499279,249.6,COMPLETE
161,0.8772592870231551,2025-09-09 15:56:44.508154,2025-09-09 15:57:01.588909,0 days 00:00:17.080755,balanced,0.6171636290749576,0.03290725176664358,-1,72,0.0016177962507643827,1511,248,0.5082011723903895,0.0005480504778805152,0.7036021000059446,,PRUNED
162,0.8796435115775445,2025-09-09 15:56:46.549343,2025-09-09 15:57:01.725844,0 days 00:00:15.176501,balanced,0.6173554012840856,0.04440800946045621,10,64,0.4111491681919988,1855,245,0.4375847700010134,0.0005625472938286023,0.7208861756502727,,PRUNED
163,0.8790500583041813,2025-09-09 15:57:01.682327,2025-09-09 15:57:33.801552,0 days 00:00:32.119225,balanced,0.6013809347223202,0.020194461220894546,10,62,0.3969532260038101,1850,244,0.9092556352290719,0.00013070768783150373,0.7185819355387387,,PRUNED
164,0.8844273545957945,2025-09-09 15:57:01.833070,2025-09-09 15:58:04.775242,0 days 00:01:02.942172,balanced,0.6014826264260074,0.013217124032524239,16,43,0.21912322218336616,1362,239,0.7649703508630846,0.00011368087858754836,0.7375843345908755,592.0,COMPLETE
165,0.8852550632314365,2025-09-09 15:57:02.969160,2025-09-09 15:58:07.938255,0 days 00:01:04.969095,balanced,0.6088327499900271,0.013765203650742469,10,62,0.19547012670232194,1504,120,0.8657836223317498,0.00015845844967742398,0.6742111018007658,785.8,COMPLETE
166,0.8755504777731615,2025-09-09 15:57:10.217606,2025-09-09 15:57:20.974471,0 days 00:00:10.756865,balanced,0.6074921093945098,0.012913212344709851,10,50,0.18009748588633573,2501,240,1.6841196294685672e-06,3.942036054581565e-05,0.730669727594511,,PRUNED
167,0.8761632737847943,2025-09-09 15:57:17.073028,2025-09-09 15:57:28.852956,0 days 00:00:11.779928,balanced,0.600311928987702,0.013739712789770668,10,51,0.32117750006093404,2439,240,0.9154846709356237,0.0009667543720438303,0.7356876927239014,,PRUNED
168,0.879039646843245,2025-09-09 15:57:21.044655,2025-09-09 15:57:50.977508,0 days 00:00:29.932853,balanced,0.6350283910599348,0.02018069158482909,10,62,0.35519926689098763,2417,244,0.9540298058049737,0.00014303333919591182,0.7380650661238897,,PRUNED
169,0.8762048192771085,2025-09-09 15:57:28.915612,2025-09-09 15:57:37.010804,0 days 00:00:08.095192,balanced,0.6332525217537861,0.020364302212607835,-1,63,0.4635302623681233,1376,244,0.6262043056329157,0.00012148202128992138,0.738537241533032,,PRUNED
170,0.8735355213959285,2025-09-09 15:57:33.925168,2025-09-09 15:57:42.879518,0 days 00:00:08.954350,balanced,0.6354660700533366,0.01784947855214623,-1,44,0.5115020980133476,1438,237,0.2609307923137801,0.0018663961460194198,0.7392469651711953,,PRUNED
171,0.8749688408807644,2025-09-09 15:57:37.156057,2025-09-09 15:57:41.994770,0 days 00:00:04.838713,balanced,0.6148100226606044,0.03428039409634269,-1,42,0.5778876384868623,1474,237,0.26607059153874013,0.0018010085708625727,0.7393466074817495,,PRUNED
172,0.875,2025-09-09 15:57:42.098808,2025-09-09 15:57:50.439169,0 days 00:00:08.340361,balanced,0.6532040486104684,0.01835099510802037,-1,55,0.2087781074986319,1527,249,0.11396692356979099,0.0003795060283546946,0.9721921332802411,,PRUNED
173,0.8857566748754138,2025-09-09 15:57:42.966049,2025-09-09 15:58:28.475751,0 days 00:00:45.509702,balanced,0.6182924811372519,0.022213777202954164,10,55,0.18424520852572068,1553,249,1.086418644681508e-05,0.0003966378972288258,0.6949142277298272,461.4,COMPLETE
174,0.8770718807263035,2025-09-09 15:57:50.520419,2025-09-09 15:58:15.179253,0 days 00:00:24.658834,balanced,0.6207991534220957,0.021842106703839688,16,54,0.3080808948202865,1574,222,0.4202355777051282,6.484671396041012e-05,0.7242129849866029,,PRUNED
175,0.8719983381803075,2025-09-09 15:57:51.038146,2025-09-09 15:57:57.950078,0 days 00:00:06.911932,balanced,0.6199603098421046,0.02508837541040036,16,55,0.16770422125093737,2568,221,9.24605228665681e-06,0.0007789644025154784,0.7245155742538895,,PRUNED
176,0.8729538845035313,2025-09-09 15:57:58.027267,2025-09-09 15:58:09.199591,0 days 00:00:11.172324,balanced,0.611038296374636,0.01450990861933544,-1,50,0.001252873703529958,1578,120,0.41042255043835574,0.001055617586503767,0.9932910841505692,,PRUNED
177,0.8753635230577481,2025-09-09 15:58:04.852000,2025-09-09 15:58:18.479367,0 days 00:00:13.627367,balanced,0.6101265664668286,0.012322644547224273,16,49,0.0002691062649518017,1568,249,0.037228822010058005,2.304556636853147e-05,0.996197923540529,,PRUNED
178,0.8738367262152056,2025-09-09 15:58:08.032682,2025-09-09 15:58:24.250990,0 days 00:00:16.218308,balanced,0.611568424343301,0.01050404031572031,16,49,0.006336288803644813,1528,249,0.4938258587006442,7.569607459616335e-05,0.677852795008544,,PRUNED
179,0.8754985459077691,2025-09-09 15:58:09.261611,2025-09-09 15:58:26.345041,0 days 00:00:17.083430,balanced,0.6102520061921848,0.010613785770161688,10,44,0.2572007549195852,1501,248,0.6127367850438556,5.871182008031918e-05,0.6715666633091275,,PRUNED
180,0.8745326132114666,2025-09-09 15:58:15.264836,2025-09-09 15:58:29.943385,0 days 00:00:14.678549,balanced,0.6087166230273271,0.011681527415152193,16,41,0.16257691080540004,2018,250,1.2349138942889555,2.2571835272833133e-05,0.6586003003436309,,PRUNED
181,0.900112443778111,2025-09-09 15:58:18.522724,2025-09-09 15:59:31.145513,0 days 00:01:12.622789,balanced,0.617927335701325,0.014246120979373632,10,59,0.1789532780189501,2346,61,1.340902369617734,6.314264412011059e-05,0.6732050772175874,,PRUNED
182,0.8724241794765267,2025-09-09 15:58:24.329686,2025-09-09 15:58:36.248503,0 days 00:00:11.918817,balanced,0.6182784536746095,0.01370277446158439,10,39,0.1920851263720189,2355,241,1.250935500648295,0.00036543967018388106,0.6652832755456316,,PRUNED
183,0.8742314083921894,2025-09-09 15:58:26.397169,2025-09-09 15:58:41.170961,0 days 00:00:14.773792,balanced,0.6188886180997286,0.013604706717948943,10,39,0.15597990443162132,2348,240,3.007273113917873,0.00034332771363785724,0.6608948226842529,,PRUNED
184,0.8760490236809306,2025-09-09 15:58:28.552865,2025-09-09 15:58:38.672807,0 days 00:00:10.119942,balanced,0.6201031406785373,0.013690933539263957,10,59,0.14814422995922177,2344,240,2.2560345504280945e-06,0.00018357091517252279,0.6628791788903002,,PRUNED
185,0.8746053178230162,2025-09-09 15:58:30.010581,2025-09-09 15:58:37.221172,0 days 00:00:07.210591,balanced,0.6230576006511973,0.024645308447056386,10,61,0.1637283938669972,1357,241,0.1820905800862615,0.0003448730048247218,0.7041789240852858,,PRUNED
186,0.8749065226422933,2025-09-09 15:58:36.305193,2025-09-09 15:58:43.946358,0 days 00:00:07.641165,balanced,0.6209823776708595,0.02508163685156083,10,59,0.1573062945613627,1364,255,1.5445681891281957e-05,0.00018422323797253473,0.6918062507161572,,PRUNED
187,0.8734108849189863,2025-09-09 15:58:37.277533,2025-09-09 15:58:47.467912,0 days 00:00:10.190379,balanced,0.6202728820678612,0.01855720269352036,10,60,0.2568325856498892,1440,254,3.229479544982515e-06,0.00021520103313348314,0.6944734269099829,,PRUNED
188,0.8766514333194848,2025-09-09 15:58:38.724585,2025-09-09 15:58:51.151254,0 days 00:00:12.426669,balanced,0.6469240632360155,0.017279421856497338,10,66,0.2844460378091641,1422,255,1.4333618841061411e-05,0.001233754099976639,0.6955313785979559,,PRUNED
189,0.8738782717075197,2025-09-09 15:58:41.269977,2025-09-09 15:58:52.271773,0 days 00:00:11.001796,balanced,0.6333929460167552,0.017995299357510847,10,66,0.2751565025108489,1780,110,5.624635363389364e-06,0.0012988534298782395,0.6950978926859541,,PRUNED
190,0.8767345243041131,2025-09-09 15:58:44.018941,2025-09-09 15:58:57.956966,0 days 00:00:13.938025,balanced,0.6007432766656714,0.017087231936167045,10,65,0.27176194175778823,1441,110,2.5142383570740658e-05,0.0012492704304824423,0.6753282525113076,,PRUNED
191,0.875238886580806,2025-09-09 15:58:47.564746,2025-09-09 15:58:59.824161,0 days 00:00:12.259415,balanced,0.6014603568464202,0.017093241137725066,10,65,0.30109187387287506,1725,235,7.512203223974846e-06,0.0005951985184916116,0.8142790260266694,,PRUNED
192,0.8736186123805567,2025-09-09 15:58:51.302877,2025-09-09 15:59:01.064858,0 days 00:00:09.761981,balanced,0.6005377705610654,0.022002391981059025,-1,54,0.10294733342913537,1708,235,2.410848586795962e-05,0.0006309946777539738,0.6760499193449904,,PRUNED
193,0.8697652679684255,2025-09-09 15:58:52.348572,2025-09-09 15:59:01.427917,0 days 00:00:09.079345,balanced,0.6004904914192026,0.02246551822324046,-1,54,0.07503042137025223,1689,235,0.1001888052159553,0.000628585175991731,0.6768505444327146,,PRUNED
194,0.8695783132530122,2025-09-09 15:58:58.048903,2025-09-09 15:59:06.389769,0 days 00:00:08.340866,balanced,0.6608658034871641,0.02149477798442168,-1,54,0.0034352087711484154,2120,246,5.455929096459028e-07,0.0006510779150308607,0.7544578067065147,,PRUNED
195,0.8760074781886166,2025-09-09 15:58:59.893880,2025-09-09 15:59:08.417402,0 days 00:00:08.523522,balanced,0.6107529927774001,0.02224999319469993,-1,55,0.08839332111680538,1646,228,0.10165091897587715,0.0006964560226588854,0.7497079678250567,,PRUNED
196,0.8758828417116744,2025-09-09 15:59:01.127130,2025-09-09 15:59:12.031956,0 days 00:00:10.904826,balanced,0.6095137049010442,0.015262414239328115,-1,70,0.08616288511459332,1634,228,0.10606267554622972,0.0007391187305813546,0.7482965354114598,,PRUNED
197,0.8766825924387203,2025-09-09 15:59:01.501378,2025-09-09 15:59:09.924259,0 days 00:00:08.422881,balanced,0.6088674055550266,0.02018590920282992,-1,45,0.43282210659935316,1920,229,0.23296035928869943,0.0008700696374094102,0.7492539600234552,,PRUNED
198,0.8752181138346489,2025-09-09 15:59:06.429089,2025-09-09 15:59:17.736680,0 days 00:00:11.307591,balanced,0.6103968214479623,0.015286909032856885,-1,73,0.39500306421155496,1621,126,0.21550639047302395,0.0018646461237074939,0.7302011773946435,,PRUNED
199,0.8756335687577899,2025-09-09 15:59:08.495846,2025-09-09 15:59:19.677708,0 days 00:00:11.181862,balanced,0.6296443601296912,0.014633431265753328,-1,70,0.36421616160912257,1627,228,0.1883347549317438,0.002142862985737907,0.7287741727589584,,PRUNED
200,0.8464374740340672,2025-09-09 15:59:09.977040,2025-09-09 15:59:15.010498,0 days 00:00:05.033458,balanced,0.6354856051271272,0.015363497211158749,-1,71,4.232385166097661,1569,62,0.16593738739449476,1.6604798598136428e-07,0.7163409160606532,,PRUNED
201,0.8715724968840881,2025-09-09 15:59:12.090751,2025-09-09 15:59:19.883026,0 days 00:00:07.792275,balanced,0.6353623262931085,0.02749667077256949,4,48,0.400274380338012,1610,244,0.6324520571896093,4.0427385491581436e-07,0.7146810586726986,,PRUNED
202,0.87352513502285,2025-09-09 15:59:15.131326,2025-09-09 15:59:24.466948,0 days 00:00:09.335622,balanced,0.6288730214869797,0.029338403225981042,4,47,0.35950437958294745,2636,244,0.3543073334060201,9.769596678217116e-05,0.7294971434528151,,PRUNED
203,0.8842250310587678,2025-09-09 15:59:17.850807,2025-09-09 15:59:56.200180,0 days 00:00:38.349373,balanced,0.6267742138964333,0.030984063832356704,6,47,0.22047642973376944,1490,177,0.6918578432437175,0.0004318210428596083,0.728331288564346,415.2,COMPLETE
204,0.8753323639385127,2025-09-09 15:59:19.851494,2025-09-09 15:59:40.856680,0 days 00:00:21.005186,balanced,0.6284017230143792,0.012363411763107455,4,48,0.20346007356283785,1749,245,0.6876452977629401,0.0001069666413297244,0.7164264445759596,,PRUNED
205,0.8721022019110926,2025-09-09 15:59:20.093927,2025-09-09 15:59:29.004921,0 days 00:00:08.910994,balanced,0.615040371070101,0.019210333241383878,8,59,0.002252882984957655,2654,141,2.861040192944027e-07,0.0003324422743594374,0.7075519980466705,,PRUNED
206,0.8261113419194018,2025-09-09 15:59:24.549048,2025-09-09 15:59:28.669807,0 days 00:00:04.120759,balanced,0.6156212054245284,0.0010797918562436867,16,58,0.20175022726953454,1225,134,0.32396866072784486,0.0003840453991982163,0.7095226155654893,,PRUNED
207,0.8811948192570381,2025-09-09 15:59:28.862126,2025-09-09 16:00:12.386215,0 days 00:00:43.524089,balanced,0.6064163012847185,0.019004897569769197,8,60,0.09384903367707709,1503,125,4.4132663497751495e-05,0.0010637940893459096,0.7201285054477365,,PRUNED
208,0.8740132945575405,2025-09-09 15:59:29.220900,2025-09-09 15:59:39.908855,0 days 00:00:10.687955,balanced,0.6069361522718607,0.016282166565788465,10,51,0.19129601343533492,1491,117,5.289532679979775e-05,0.0004612534027768457,0.7220332163586095,,PRUNED
209,0.880195319007163,2025-09-09 15:59:31.263080,2025-09-09 16:00:41.951390,0 days 00:01:10.688310,balanced,0.605575715870573,0.01240223735166633,6,51,0.09678972211687552,1483,128,0.789190831040188,0.0004613221692326631,0.7189909135436657,,PRUNED
210,0.9008412460436448,2025-09-09 15:59:40.009570,2025-09-09 16:01:20.894981,0 days 00:01:40.885411,balanced,0.6060430659302413,0.012503457553468269,6,63,0.10958996086848309,1757,125,0.8083132477492593,0.0008632270488789828,0.9796587525100849,,PRUNED
211,0.880976178577378,2025-09-09 15:59:40.961453,2025-09-09 16:00:06.011583,0 days 00:00:25.050130,balanced,0.7890524803431413,0.03435737226160721,12,64,0.10126698261213338,1551,238,0.4486644925885324,0.0010451528288591395,0.6863896510346474,,PRUNED
212,0.9005080792936864,2025-09-09 15:59:56.355335,2025-09-09 16:00:37.268483,0 days 00:00:40.913148,balanced,0.6070609832081331,0.033274373486374846,6,29,0.09183898756953024,1537,237,0.9253922001097659,0.000910388750396334,0.7373511886430408,,PRUNED
213,0.8865934904033927,2025-09-09 16:00:06.185736,2025-09-09 16:00:44.275636,0 days 00:00:38.089900,balanced,0.6490089478147325,0.033601560316812315,6,29,0.2503043872133781,1489,250,0.7174430994562354,0.00021275643275752028,0.9806502908426653,351.2,COMPLETE
214,0.9006121939030486,2025-09-09 16:00:12.512849,2025-09-09 16:00:41.974632,0 days 00:00:29.461783,balanced,0.6008807633272482,0.04207155736421018,6,35,0.29621714264604837,2477,175,0.929231425889929,0.0002324484960833766,0.8548379197673401,,PRUNED
215,0.8758205234732033,2025-09-09 16:00:37.456095,2025-09-09 16:00:47.865305,0 days 00:00:10.409210,balanced,0.6243296213832388,0.025625512225119856,6,42,0.27397805636874584,2468,177,0.5789098652975877,0.0004998790171798414,0.7329065780400982,,PRUNED
216,0.881767449608529,2025-09-09 16:00:42.139392,2025-09-09 16:01:20.437769,0 days 00:00:38.298377,balanced,0.6241923601495636,0.02653907519193067,6,43,0.00526374819738433,1677,250,0.3131777028962713,0.0004977498835099193,0.7334435172165603,,PRUNED
217,0.8737847943498132,2025-09-09 16:00:42.161443,2025-09-09 16:00:51.488573,0 days 00:00:09.327130,balanced,0.6241252600626709,0.031302329794655026,6,43,0.23711534355351677,2206,250,0.30297221827377363,0.0005192900116851721,0.7337343407182475,,PRUNED
218,0.9002582042312177,2025-09-09 16:00:44.362094,2025-09-09 16:01:22.173581,0 days 00:00:37.811487,balanced,0.6439096061931802,0.03151288547740732,6,44,0.24389725042501886,2198,251,1.7441546212770394,0.0002524422756199895,0.9842848253023909,,PRUNED
219,0.8758932280847528,2025-09-09 16:00:48.053536,2025-09-09 16:00:56.215524,0 days 00:00:08.161988,balanced,0.6479385954500758,0.03506307328726886,6,44,0.22205726672685452,1798,251,0.31990728881266944,0.0016025492331163298,0.985825895207048,,PRUNED
220,0.8708869962609056,2025-09-09 16:00:51.603128,2025-09-09 16:01:00.407331,0 days 00:00:08.804203,balanced,0.6489447628248095,0.030699144921826155,6,55,0.18527740331519388,1671,247,5.088048104248245,0.0001662309061062317,0.9835014970558957,,PRUNED
221,0.872309929372663,2025-09-09 16:00:56.331984,2025-09-09 16:01:04.667327,0 days 00:00:08.335343,balanced,0.6704531433460854,0.02701830947201699,6,24,0.3436228135655005,1689,189,1.9294542805843462,0.0002349325675066515,0.9969471449028761,,PRUNED
222,0.872289156626506,2025-09-09 16:01:00.619333,2025-09-09 16:01:07.451270,0 days 00:00:06.831937,balanced,0.6152216405926184,0.027385696063709428,-1,37,0.4937069922760472,1590,241,1.5214471278069301,0.00027470224074890013,0.9793149942563568,,PRUNED
223,0.8764852513502285,2025-09-09 16:01:04.762838,2025-09-09 16:01:10.104818,0 days 00:00:05.341980,balanced,0.6373111923168324,0.03617772548137322,-1,63,0.46348168168122367,1579,242,1.259679209548117,0.00027896580997847106,0.9134079543605013,,PRUNED
224,0.8745741587037805,2025-09-09 16:01:07.538479,2025-09-09 16:01:15.279222,0 days 00:00:07.740743,balanced,0.638927363950164,0.024247549578321998,-1,63,2.34638780770291e-06,1469,153,0.17006944781664077,0.002274322721856618,0.7459735598874613,,PRUNED
225,0.8743144993768177,2025-09-09 16:01:10.196078,2025-09-09 16:01:20.906173,0 days 00:00:10.710095,balanced,0.6156591321812509,0.017189054227858575,16,53,0.007055860197675318,1420,246,0.45135638532341826,0.0007980313836679136,0.7405190783402014,,PRUNED
226,0.885376282742163,2025-09-09 16:01:15.460945,2025-09-09 16:02:12.600632,0 days 00:00:57.139687,balanced,0.6000420012327684,0.017212544786152997,16,52,0.0051862474500873335,1524,232,0.4606094966033345,0.0007900875285865255,0.9997805002132698,460.0,COMPLETE
227,0.8757789779808891,2025-09-09 16:01:20.562597,2025-09-09 16:01:31.991060,0 days 00:00:11.428463,balanced,0.6149288503956708,0.016890515652219718,10,52,0.11073394008253953,1403,234,0.5701689437377236,0.0008675206628156148,0.7062365625967617,,PRUNED
228,0.8739925218113834,2025-09-09 16:01:21.046021,2025-09-09 16:01:31.585397,0 days 00:00:10.539376,balanced,0.6160579159695978,0.020362457867319193,10,56,0.14984796539254885,1551,232,0.581733079810428,0.00013326545343984132,0.7276569455983363,,PRUNED
229,0.8863262645785539,2025-09-09 16:01:21.064071,2025-09-09 16:02:20.279341,0 days 00:00:59.215270,balanced,0.6124512988313893,0.020386236507486784,10,57,0.14757381710155337,1521,233,0.5813896546808356,0.0013475661405553897,0.9993671920343296,515.4,COMPLETE
230,0.8764333194848358,2025-09-09 16:01:22.282207,2025-09-09 16:01:33.535452,0 days 00:00:11.253245,balanced,0.6161931915849304,0.0198632965055125,10,56,0.14242414056922437,1528,232,0.5455016470419153,0.00013685678592472326,0.7004127711835003,,PRUNED
231,0.8643020357291235,2025-09-09 16:01:31.639678,2025-09-09 16:01:39.685287,0 days 00:00:08.045609,balanced,0.6005152137186425,0.015953944966621347,-1,174,1.583359383326877,1522,164,1.1693878365272815e-06,0.0012425023251445072,0.7102497092966195,,PRUNED
232,0.8745118404653095,2025-09-09 16:01:32.133381,2025-09-09 16:01:41.811039,0 days 00:00:09.677658,balanced,0.6281884867539137,0.018804865982598,-1,49,0.16603775811695531,1508,239,3.4943870821516633e-06,0.0018362918774977072,0.9985556023723833,,PRUNED
233,0.8766618196925633,2025-09-09 16:01:33.672101,2025-09-09 16:01:42.684748,0 days 00:00:09.012647,balanced,0.6280473585737871,0.023071657223198174,-1,51,0.32735839228179187,1319,239,0.2044638329298823,0.001618543358546272,0.9505992601982142,,PRUNED
234,0.8436746987951809,2025-09-09 16:01:39.741449,2025-09-09 16:01:44.217908,0 days 00:00:04.476459,balanced,0.6253949865702307,0.023797850148767577,-1,18,3.8201926616583286,1272,238,0.24076748387459895,0.0016645812351727756,0.9509656951447792,,PRUNED
235,0.878727303015159,2025-09-09 16:01:41.889981,2025-09-09 16:02:05.173864,0 days 00:00:23.283883,balanced,0.6084871970885728,0.039384707384065444,-1,58,0.2915045365990885,2552,244,0.00025138732146461783,0.0004602651053176632,0.9549300192998557,,PRUNED
236,0.8761736601578728,2025-09-09 16:01:42.885195,2025-09-09 16:01:49.615530,0 days 00:00:06.730335,balanced,0.6006671751824505,0.038673879264940425,16,58,0.2429993685000764,1616,245,0.0003099217963587752,1.6114081935372515,0.7261366934934369,,PRUNED
237,0.876173660157873,2025-09-09 16:01:44.282704,2025-09-09 16:01:50.819291,0 days 00:00:06.536587,balanced,0.600753892305747,0.0387220351154451,10,59,0.2250668378077913,1464,245,0.12694209662825756,2.488192320791743,0.7258110259528654,,PRUNED
238,0.8764748649771499,2025-09-09 16:01:49.679715,2025-09-09 16:01:56.630430,0 days 00:00:06.950715,balanced,0.6094769960867901,0.04702469305484638,10,110,0.06591193369791529,1718,255,0.0001507532559409885,0.000415702675998691,0.6173566696726968,,PRUNED
239,0.8740548400498547,2025-09-09 16:01:50.938897,2025-09-09 16:01:57.728536,0 days 00:00:06.789639,balanced,0.610865361070094,0.04060777573229477,-1,47,0.08307099198312587,1640,250,9.487730743357653e-05,0.00038925340894653565,0.685514098405142,,PRUNED
240,0.8766929788117989,2025-09-09 16:01:56.682572,2025-09-09 16:02:08.956465,0 days 00:00:12.273893,balanced,0.60992258806209,0.014007515179580377,-1,68,0.10551379499273733,1643,250,0.00021989755491647726,0.000373490043222352,0.647727611009357,,PRUNED
241,0.8770668882426256,2025-09-09 16:01:57.821336,2025-09-09 16:02:10.094395,0 days 00:00:12.273059,balanced,0.6202218583149816,0.01421489970501911,-1,63,0.31870847307003397,1581,243,0.00022594828595503825,0.000651937808127225,0.6536070626863328,,PRUNED
242,0.8756231823847114,2025-09-09 16:02:05.276358,2025-09-09 16:02:18.740485,0 days 00:00:13.464127,balanced,0.8637772266606649,0.014489404373437771,16,69,0.16908239524443275,2290,250,0.3902612274363376,0.0007627416250962965,0.6455415289894744,,PRUNED
243,0.8764333194848358,2025-09-09 16:02:09.042334,2025-09-09 16:02:22.928130,0 days 00:00:13.885796,balanced,0.8616802315914879,0.01603064696467232,12,52,0.002657461385169144,2083,138,0.3393487749201249,0.0006588357027948282,0.6392463696312006,,PRUNED
244,0.8762982966348151,2025-09-09 16:02:10.167910,2025-09-09 16:02:20.830101,0 days 00:00:10.662191,balanced,0.6341692343298279,0.02126987596847291,12,54,0.008455663970537207,2269,255,0.4131347936020766,0.0010540386364749827,0.741252940758345,,PRUNED
245,0.8809657671164417,2025-09-09 16:02:12.726497,2025-09-09 16:02:50.824559,0 days 00:00:38.098062,balanced,0.6005041379695572,0.0163822683241368,16,52,0.18324682554982402,442,236,0.36990358295190245,0.0011075900566436048,0.601492321360644,,PRUNED
246,0.8720191109264644,2025-09-09 16:02:18.801954,2025-09-09 16:02:30.451588,0 days 00:00:11.649634,balanced,0.6005472648107086,0.01661611259138946,16,52,0.002496313694972621,1558,237,0.743738495718253,0.0012038205553588919,0.7426580499146246,,PRUNED
247,0.8751765683423348,2025-09-09 16:02:20.358106,2025-09-09 16:02:32.477341,0 days 00:00:12.119235,balanced,0.6001916609310536,0.018186128517113053,16,55,0.003444788698793444,1466,233,1.100184047340272,0.0013412024311235198,0.999320600790902,,PRUNED
248,0.8731200664727877,2025-09-09 16:02:20.937379,2025-09-09 16:02:33.749133,0 days 00:00:12.811754,balanced,0.6004035423125416,0.017701679676476484,16,51,0.005455538711536562,1475,233,1.0164580659166536,0.002785410406653151,0.9923306271974539,,PRUNED
249,0.9009141262701982,2025-09-09 16:02:23.002561,2025-09-09 16:03:23.621864,0 days 00:01:00.619303,balanced,0.600549892772259,0.01789602912280236,16,61,0.09902850132516222,1477,233,0.8429478463678107,0.003641984104009766,0.9939995395526929,,PRUNED
250,0.8746780224345658,2025-09-09 16:02:30.498922,2025-09-09 16:02:40.154839,0 days 00:00:09.655917,balanced,0.6153765872891028,0.018251084890915665,16,61,0.16297517747979828,1446,232,0.22248073101119156,1.1416526690516482e-08,0.9910627461735456,,PRUNED
251,0.9006121939030486,2025-09-09 16:02:32.562105,2025-09-09 16:03:32.940453,0 days 00:01:00.378348,balanced,0.6146685752731885,0.01955362646710367,10,61,0.1584862724950113,1517,223,0.7458655959153317,0.002383790505737069,0.9904776436963568,,PRUNED
252,0.8764021603656003,2025-09-09 16:02:33.824861,2025-09-09 16:02:43.466073,0 days 00:00:09.641212,balanced,0.619523933323573,0.021372011824971768,10,61,0.16868162795806987,1600,225,8.191810343204487e-08,0.0006325794328340283,0.9918756774389272,,PRUNED
253,0.873483589530536,2025-09-09 16:02:40.227958,2025-09-09 16:02:49.615136,0 days 00:00:09.387178,,0.6118187648774975,0.02098928241279882,10,47,0.12942034050403067,1813,226,0.13532147641601217,0.0005928134104767796,0.9999609704528108,,PRUNED
254,0.8763917739925218,2025-09-09 16:02:43.572538,2025-09-09 16:02:55.148619,0 days 00:00:11.576081,,0.6099097723730023,0.019678004576608447,10,47,0.10217721427835422,1801,240,0.04837732117064326,0.0009274086008774861,0.9998649703652767,,PRUNED
255,0.8847584591238519,2025-09-09 16:02:49.686509,2025-09-09 16:04:04.614166,0 days 00:01:14.927657,balanced,0.6092278082085574,0.015357778839659659,10,56,0.21437157391542064,1516,239,0.6803638850531597,0.0010782706175810023,0.9680697096894196,641.0,COMPLETE
256,0.8719048608226008,2025-09-09 16:02:50.897118,2025-09-09 16:03:01.278571,0 days 00:00:10.381453,balanced,0.6105406400393023,0.018621764797954386,10,31,0.26752644196265457,1526,241,0.6807758862184841,0.00020094221030769624,0.9729357547163535,,PRUNED
257,0.8754881595346905,2025-09-09 16:02:55.234100,2025-09-09 16:03:04.690157,0 days 00:00:09.456057,balanced,0.6225425924894848,0.023002516457295355,10,57,0.260822979495454,1529,243,0.6461647895282367,0.00018861830400978516,0.9645537943971721,,PRUNED
258,0.8719806763285023,2025-09-09 16:03:01.337828,2025-09-09 16:03:27.263069,0 days 00:00:25.925241,balanced,0.622643566567385,0.02434319798283335,10,57,0.3860869802071921,1568,246,0.5097927684483403,0.0003322917079042998,0.9880727376069207,,PRUNED
259,0.8737951807228916,2025-09-09 16:03:04.758811,2025-09-09 16:03:18.210833,0 days 00:00:13.452022,balanced,0.6301045930173977,0.015677719913499855,10,66,0.3669083915221514,1724,247,0.24146341278995986,0.0023306124908670043,0.7564127879193723,,PRUNED
260,0.8718529289572081,2025-09-09 16:03:18.290135,2025-09-09 16:03:33.672853,0 days 00:00:15.382718,balanced,0.6421516712818472,0.011630512249914958,-1,39,0.0947806997250886,1595,238,0.43488405825343,0.0003632528470752657,0.7356673207271102,,PRUNED
261,0.8751038637307851,2025-09-09 16:03:23.755066,2025-09-09 16:03:39.274732,0 days 00:00:15.519666,balanced,0.6209007481939764,0.012989809768255351,-1,40,0.4014908095995714,1386,239,0.4358399239104817,0.0003294923657552387,0.7180020593287672,,PRUNED
262,0.8746780224345659,2025-09-09 16:03:27.321450,2025-09-09 16:03:43.580426,0 days 00:00:16.258976,balanced,0.6140937374649255,0.012809590691050237,-1,36,0.21039837322722205,1393,238,0.1457782760854199,0.001497325960244498,0.7011517783897798,,PRUNED
263,0.885274912744431,2025-09-09 16:03:33.059168,2025-09-09 16:05:22.869761,0 days 00:01:49.810593,balanced,0.6401630864117372,0.011655409989261215,-1,41,0.24257364448405008,1397,239,0.15927717370287975,0.0015236508427538041,0.9329107481265756,598.2,COMPLETE
264,0.8749792272538429,2025-09-09 16:03:33.795781,2025-09-09 16:03:43.576285,0 days 00:00:09.780504,balanced,0.6078076135142955,0.029953230939397783,-1,47,0.23803492127279674,1637,242,2.523072758085081,0.0014919367327795232,0.6980259017415646,,PRUNED
265,0.854923140839219,2025-09-09 16:03:39.400455,2025-09-09 16:03:44.118540,0 days 00:00:04.718085,balanced,0.6078063760024417,0.028665401426582447,-1,65,3.440590011555126,1659,98,0.1559107006661112,0.0014658324258501768,0.70427903027074,,PRUNED
266,0.8567303697548816,2025-09-09 16:03:44.022265,2025-09-09 16:03:51.352989,0 days 00:00:07.330724,balanced,0.6333227897244885,0.015294641540623205,10,55,3.064248535246624,1869,247,0.08313108223728287,0.0007952954207209193,0.9283666167707164,,PRUNED
267,0.8692874948068133,2025-09-09 16:03:44.057033,2025-09-09 16:03:57.501592,0 days 00:00:13.444559,balanced,0.6319773644717807,0.015121864657752304,10,55,0.09470811837069565,1875,121,1.1052191428038302e-05,2.9190501516903788e-08,0.730850233677005,,PRUNED
268,0.883477844411128,2025-09-09 16:03:44.392229,2025-09-09 16:05:37.474519,0 days 00:01:53.082290,balanced,0.6566149280253695,0.014747081379544882,10,56,0.0865822196755779,1754,229,8.188048377566299e-07,0.0007150658354880703,0.7274600179646727,677.8,COMPLETE
269,0.87556086414624,2025-09-09 16:03:51.476763,2025-09-09 16:04:02.244998,0 days 00:00:10.768235,balanced,0.6258777765205614,0.02187395727986685,10,50,0.09138168714557168,1726,117,6.013818928445314e-06,0.00010330415319221347,0.7248209321563357,,PRUNED
270,0.8717698379725799,2025-09-09 16:03:57.654423,2025-09-09 16:04:08.629872,0 days 00:00:10.975449,balanced,0.6182179620399816,0.021788989310505977,8,74,0.3147376499045559,2410,228,3.856945597612437e-07,0.0005440308385630673,0.7455384292253783,,PRUNED
271,0.873982135438305,2025-09-09 16:04:02.415267,2025-09-09 16:04:12.133594,0 days 00:00:09.718327,balanced,0.617215486581143,0.0204642318126974,-1,58,0.5730836060464162,1762,230,1.4361834624007992,0.0006107842366731582,0.7461059189678907,,PRUNED
272,0.8716867469879518,2025-09-09 16:04:04.747237,2025-09-09 16:04:11.314786,0 days 00:00:06.567549,balanced,0.6170494761387992,0.034889175689409184,10,59,0.5355009857393198,1577,230,1.344571044692198,0.0005173664430931346,0.9746229505650641,,PRUNED
273,0.8743144993768177,2025-09-09 16:04:08.726178,2025-09-09 16:04:17.076245,0 days 00:00:08.350067,balanced,0.6073726759156984,0.024900712890534582,10,57,0.5909899054802493,1550,229,1.573883539859949,0.00106331883232845,0.9694519279427022,,PRUNED
274,0.8738159534690486,2025-09-09 16:04:11.444250,2025-09-09 16:04:20.953218,0 days 00:00:09.508968,balanced,0.6542689837578011,0.0248593852497291,10,45,0.25930825952146985,1509,243,0.2349255863455297,0.0009045102676825022,0.9797796091550993,,PRUNED
275,0.8716244287494807,2025-09-09 16:04:12.306022,2025-09-09 16:04:19.608553,0 days 00:00:07.302531,,0.6077026047088191,0.026298335165881908,10,45,0.2623615490567993,1427,243,0.27751873139298194,0.0008645124816768202,0.9834261832390665,,PRUNED
276,0.8748961362692148,2025-09-09 16:04:17.187479,2025-09-09 16:04:30.000959,0 days 00:00:12.813480,,0.6071791451322333,0.017419176882494666,10,44,0.2597303633718545,1430,245,0.262573431094111,0.0008623580499567679,0.9781949061865354,,PRUNED
277,0.8985611360986174,2025-09-09 16:04:19.699725,2025-09-09 16:05:26.475379,0 days 00:01:06.775654,balanced,0.655297307313033,0.03241143744709936,-1,64,0.35058415654551167,1668,235,0.27259412953667445,0.00024289902595538647,0.7358332212508746,,PRUNED
278,0.8769941836310761,2025-09-09 16:04:21.070090,2025-09-09 16:04:39.611168,0 days 00:00:18.541078,balanced,0.6100255916464192,0.017049776425041137,-1,65,0.44221288380270096,1691,195,0.5298326776786568,7.068186297476607e-06,0.7360480049927511,,PRUNED
279,0.8730577482343165,2025-09-09 16:04:30.282195,2025-09-09 16:05:19.172578,0 days 00:00:48.890383,balanced,0.6238937337893978,0.013489298705384742,-1,147,0.47164123282039205,1681,237,1.0143675288953962,1.8423067415915855e-06,0.7330101032703128,,PRUNED
280,0.8688408807644371,2025-09-09 16:04:39.837667,2025-09-09 16:04:46.983104,0 days 00:00:07.145437,balanced,0.6986732263554295,0.19819055524662263,6,49,0.1740631750193291,1601,235,0.9918330669346863,0.00025763128260812486,0.7640812577979507,,PRUNED
281,0.8732135438304943,2025-09-09 16:04:47.257418,2025-09-09 16:05:10.018582,0 days 00:00:22.761164,balanced,0.6371836821791559,0.013733772159624394,-1,28,0.3697780331278452,1505,250,0.621369830158573,4.289007038254692e-05,0.6900410892538188,,PRUNED
282,0.8805909545227385,2025-09-09 16:05:10.656590,2025-09-09 16:06:15.265418,0 days 00:01:04.608828,balanced,0.6212206208885983,0.033016203829756084,-1,63,0.08034226744581673,1925,235,0.00048401539106136967,1.4879614008893839e-06,0.8789177111604329,,PRUNED
283,0.8374948068134607,2025-09-09 16:05:19.402471,2025-09-09 16:05:27.516619,0 days 00:00:08.114148,balanced,0.6439536334216494,0.03256146416987457,16,53,4.918301100676555,1620,251,0.3208802050326937,7.943068292764569e-07,0.6818916290165072,,PRUNED
284,0.8786544227886057,2025-09-09 16:05:23.230326,2025-09-09 16:06:02.835637,0 days 00:00:39.605311,balanced,0.6450086646625549,0.033021373141771344,16,40,0.08532489725116783,1368,248,0.07018955703815341,0.0027062047604350433,0.9860202756415796,,PRUNED
285,0.8726007478188615,2025-09-09 16:05:27.180838,2025-09-09 16:05:53.192784,0 days 00:00:26.011946,balanced,0.6416709550991854,0.010152659237293462,16,34,0.08496975994865869,1338,248,1.5228362341578183e-06,0.0023832640960452967,0.919065194982243,,PRUNED
286,0.8714167012879103,2025-09-09 16:05:27.816389,2025-09-09 16:06:01.526039,0 days 00:00:33.709650,balanced,0.6396341347034813,0.010344545719690163,10,34,0.08845237550511142,1360,240,0.10560491375877006,0.002044478696785024,0.9218283910997238,,PRUNED
287,0.8705442459493145,2025-09-09 16:05:37.634488,2025-09-09 16:06:21.554593,0 days 00:00:43.920105,balanced,0.6400881196573228,0.010899339491896295,6,33,0.16132937929753483,1455,240,0.033365919352976475,0.0020891310720210156,0.8744926604869597,,PRUNED
288,0.8716348151225591,2025-09-09 16:05:53.709348,2025-09-09 16:06:38.625698,0 days 00:00:44.916350,balanced,0.6299890441093953,0.011206295141983647,6,40,0.20763056875853977,1444,241,0.10266620857605106,0.0016195812770101524,0.9082888041927766,,PRUNED
289,0.8711674283340257,2025-09-09 16:06:01.882873,2025-09-09 16:06:41.532383,0 days 00:00:39.649510,balanced,0.6307750132173194,0.011356580926315692,6,39,0.19937474828018445,1466,242,0.030699510382132457,0.004693961628764545,0.9906477025057309,,PRUNED
290,0.8723618612380557,2025-09-09 16:06:03.312089,2025-09-09 16:06:29.707346,0 days 00:00:26.395257,balanced,0.6270088421712444,0.019192937722128902,6,49,0.19883302681259005,1460,255,0.1474266167358416,0.004094943140795941,0.8959753163995218,,PRUNED
291,0.8732447029497299,2025-09-09 16:06:15.636522,2025-09-09 16:07:05.809949,0 days 00:00:50.173427,balanced,0.6320475943119154,0.0111426101763256,6,48,0.18321612358883718,1991,242,0.44531238173275567,0.0013150999510816049,0.6679512744984194,,PRUNED
292,0.8716244287494807,2025-09-09 16:06:21.901310,2025-09-09 16:07:15.724767,0 days 00:00:53.823457,balanced,0.6292137703782492,0.011727615219515892,4,51,0.20905943078603675,1507,255,0.16757840220927062,0.00131955851553944,0.713366087520911,,PRUNED
293,0.8755193186539258,2025-09-09 16:06:29.963216,2025-09-09 16:07:04.430596,0 days 00:00:34.467380,balanced,0.6304451113632956,0.022806253197294856,4,42,0.20042789800081348,1127,169,0.46586741972200246,0.0012878796452835241,0.958772180031491,,PRUNED
294,0.8587037806398006,2025-09-09 16:06:38.967067,2025-09-09 16:07:15.588092,0 days 00:00:36.621025,balanced,0.613975679134145,0.011889156477480739,4,50,1.9950107296028914,1155,245,2.72444994945153e-06,8.655701845756357e-05,0.9999842789933509,,PRUNED
295,0.8711985874532613,2025-09-09 16:06:42.009032,2025-09-09 16:07:04.226997,0 days 00:00:22.217965,balanced,0.7146083855862686,0.023448478355192516,10,51,0.31486084516214863,1556,246,2.836313601534319,0.0011998900028949149,0.7178876557443897,,PRUNED
296,0.880143261702482,2025-09-09 16:07:05.296146,2025-09-09 16:08:30.105370,0 days 00:01:24.809224,balanced,0.9538918233616479,0.019830816311743996,-1,61,0.0183456687143548,1532,237,2.811913905583848e-06,0.00016403447163701337,0.9997255841455381,,PRUNED
297,0.8743352721229747,2025-09-09 16:07:05.577727,2025-09-09 16:07:33.603874,0 days 00:00:28.026147,,0.6147434085805887,0.01996121755930364,-1,59,0.010076413210851676,1520,251,0.7161414795959589,0.00043624200736297773,0.9411674856321376,,PRUNED
298,0.8810386473429952,2025-09-09 16:07:07.001515,2025-09-09 16:08:35.979854,0 days 00:01:28.978339,,0.9637386620994381,0.020003379400531672,-1,60,0.29407826893820765,1506,251,0.6913666073732307,0.0004485085865101231,0.9975187249087292,,PRUNED
299,0.8766618196925633,2025-09-09 16:07:16.033316,2025-09-09 16:07:40.540505,0 days 00:00:24.507189,,0.6061811731687355,0.02028798364354892,-1,61,0.0007112238887616446,1561,235,0.7768831380291521,0.0004554907613364076,0.7511997426695055,,PRUNED
300,0.8665662650602408,2025-09-09 16:07:16.074909,2025-09-09 16:07:26.316153,0 days 00:00:10.241244,,0.9755792375192338,0.13903100683884054,-1,61,0.0027937119200361323,1548,235,0.7221647302923752,0.08807564052150822,0.7528565746633409,,PRUNED
301,0.8750103863730785,2025-09-09 16:07:26.608850,2025-09-09 16:07:49.168926,0 days 00:00:22.560076,balanced,0.6072776824825048,0.02041409045424381,10,68,0.28778213908641376,2126,250,0.8909651191147471,0.00016195821165705912,0.9362680552971839,,PRUNED
302,0.8515371832156212,2025-09-09 16:07:34.051092,2025-09-09 16:07:44.925167,0 days 00:00:10.874075,balanced,0.6066360338555236,0.028041145600331926,10,67,2.8067074450838048,1605,236,1.0684906391428624,0.0001564184091964322,0.7230630264510975,,PRUNED
303,0.8761944329040299,2025-09-09 16:07:40.838525,2025-09-09 16:07:55.990035,0 days 00:00:15.151510,balanced,0.6199179750266137,0.04328693536174321,10,67,0.3117080113663526,2902,246,1.264286759479212,0.00019469659919198697,0.7222364042612283,,PRUNED
304,0.8796435115775446,2025-09-09 16:07:45.178386,2025-09-09 16:09:31.734514,0 days 00:01:46.556128,balanced,0.8169766718630749,0.016904675440353307,10,55,0.3138185488443944,1493,247,2.099489963977452e-05,0.0003402179098727302,0.9679221241005479,,PRUNED
305,0.8739925218113834,2025-09-09 16:07:49.330527,2025-09-09 16:08:16.798673,0 days 00:00:27.468146,balanced,0.8156754528879548,0.01688445134192979,-1,55,0.30374630846195855,2510,246,2.1796945014538025,0.000597875009291472,0.9698848562165358,,PRUNED
306,0.8751454092230994,2025-09-09 16:07:56.169877,2025-09-09 16:08:18.802975,0 days 00:00:22.633098,balanced,0.6160912904854143,0.017272181938537454,-1,54,0.1286518877587599,2064,239,0.3767553020922941,0.000617280450094452,0.9674666419996885,,PRUNED
307,0.8739509763190694,2025-09-09 16:08:17.162505,2025-09-09 16:08:40.713627,0 days 00:00:23.551122,balanced,0.7993913902782248,0.012881015976682642,-1,55,0.11280623576782142,1398,220,0.35436270864876684,0.00032061423776963806,0.743040367992562,,PRUNED
308,0.8811739963351657,2025-09-09 16:08:19.141756,2025-09-09 16:10:29.338527,0 days 00:02:10.196771,balanced,0.6655830681902555,0.014140014896829494,8,44,0.111447287445849,1496,221,0.211220033879262,0.00032738716980393415,0.7418397771091578,,PRUNED
309,0.8752285002077275,2025-09-09 16:08:30.417563,2025-09-09 16:09:03.032330,0 days 00:00:32.614767,balanced,0.7602388913983149,0.013266330019739045,8,46,0.43484646030188556,1410,222,0.21259087346706929,0.00038384657037962284,0.7407904330708129,,PRUNED
310,0.8770668882426257,2025-09-09 16:08:36.576917,2025-09-09 16:09:14.566867,0 days 00:00:37.989950,balanced,0.6227117819061512,0.013438821977576914,8,45,0.429590609832703,1599,224,0.1834824963306125,0.00030948296742397847,0.6810404400639334,,PRUNED
311,0.8721541337764851,2025-09-09 16:08:40.899893,2025-09-09 16:09:12.063669,0 days 00:00:31.163776,balanced,0.6003057688477735,0.01420753041023896,8,43,0.4469685728810893,1298,147,0.17743925035493469,0.0008256942652275255,0.710595902260023,,PRUNED
312,0.8706584960531782,2025-09-09 16:09:03.220851,2025-09-09 16:09:17.902956,0 days 00:00:14.682105,balanced,0.6230342871221769,0.03697690254903009,10,44,0.15358806739239622,1274,151,4.541717257989165e-06,0.000885805611751641,0.6916702582433809,,PRUNED
313,0.8736186123805567,2025-09-09 16:09:12.374814,2025-09-09 16:09:33.699689,0 days 00:00:21.324875,balanced,0.6648917265861685,0.015473056399892802,10,26,0.15300836562091685,1606,232,2.0256103148545207e-05,0.0009751906667367689,0.8240805226475291,,PRUNED
314,0.8761840465309514,2025-09-09 16:09:14.894603,2025-09-09 16:09:41.298889,0 days 00:00:26.404286,balanced,0.6000177770609645,0.015512220658198959,10,57,0.15155606060449625,2398,231,0.05322998726454363,0.0010672410247734559,0.985707171372865,,PRUNED
315,0.885198906570811,2025-09-09 16:09:18.138484,2025-09-09 16:11:34.531468,0 days 00:02:16.392984,balanced,0.6135227839012222,0.015403102792599505,16,56,0.20329945135242558,1830,232,0.493613998769797,0.003160284271310416,0.9883039702013721,528.6,COMPLETE
316,0.8735770668882424,2025-09-09 16:09:31.992099,2025-09-09 16:09:45.232092,0 days 00:00:13.239993,balanced,0.6507374691376954,0.02914716462530103,16,52,0.1056346861624825,1606,232,0.018763045893221395,0.0017851937760506266,0.8260131386856051,,PRUNED
317,0.8698379725799751,2025-09-09 16:09:33.936357,2025-09-09 16:09:46.200330,0 days 00:00:12.263973,balanced,0.7736648336376918,0.02630152439959059,16,21,0.08814313907578124,2423,242,0.53903430333289,0.00337033091575507,0.9839017801601744,,PRUNED
318,0.8608018280016618,2025-09-09 16:09:41.466920,2025-09-09 16:10:07.100153,0 days 00:00:25.633233,balanced,0.6138967186286077,0.009428052960788972,16,10,0.08085010571560391,1844,241,0.5361167596440789,0.0018904826528985718,0.9891068756412466,,PRUNED
319,0.871229746572497,2025-09-09 16:09:45.502568,2025-09-09 16:10:03.338879,0 days 00:00:17.836311,balanced,0.6140153622528243,0.02375284160439858,12,48,0.23148142383190645,1828,242,4.025027694071115e-05,8.082387726470312e-05,0.7279168212705688,,PRUNED
320,0.8758412962193602,2025-09-09 16:09:46.463877,2025-09-09 16:10:05.674690,0 days 00:00:19.210813,balanced,0.6131735444247708,0.022438275612881715,12,48,0.0015983897997984328,1483,212,0.32915017377397376,0.0006073016742349668,0.7276716419828936,,PRUNED
321,0.8753427503115913,2025-09-09 16:10:03.619101,2025-09-09 16:10:25.416224,0 days 00:00:21.797123,balanced,0.6107040517609237,0.018321585118618217,-1,59,0.008424444372801737,1724,239,0.33570865169470143,0.0006034675394933077,0.758709342930241,,PRUNED
322,0.8812052307179743,2025-09-09 16:10:05.875382,2025-09-09 16:11:55.240540,0 days 00:01:49.365158,balanced,0.6077500452266094,0.01839214150698797,-1,64,0.23696470637426276,1717,238,1.667290300088322,0.0021155838461278656,0.6986215201434964,,PRUNED
323,0.8814238713976346,2025-09-09 16:10:07.387830,2025-09-09 16:11:44.975195,0 days 00:01:37.587365,balanced,0.6062396416695519,0.01786129360728981,-1,64,0.2321261078132745,2580,238,0.08871413208109707,0.000536090015894601,0.7569512223523898,,PRUNED
324,0.8764644786040714,2025-09-09 16:10:25.793950,2025-09-09 16:10:53.170865,0 days 00:00:27.376915,balanced,0.600036658303724,0.018089595335188974,10,53,0.22937070004348392,1655,252,1.2154061681516637,0.00011532599259144327,0.700828890735814,,PRUNED
325,0.8774883391637514,2025-09-09 16:10:29.656911,2025-09-09 16:11:06.963429,0 days 00:00:37.306518,balanced,0.6233073269549424,0.051926485268835976,10,64,0.25849889724935105,1558,251,0.07986184722755815,0.0009606591024404442,0.714595426059328,,PRUNED
326,0.8788001832417124,2025-09-09 16:10:53.321462,2025-09-09 16:11:59.651090,0 days 00:01:06.329628,balanced,0.6366001783098181,0.021542076738742755,-1,64,0.3654184506395951,1785,246,1.0527312895300042e-05,0.0010365120795716525,0.6720131163666307,,PRUNED
327,0.875436227669298,2025-09-09 16:11:07.280065,2025-09-09 16:11:32.321486,0 days 00:00:25.041421,balanced,0.607042545527696,0.022445199230402307,-1,37,0.35407727453748505,1772,246,1.706713422811965,0.0015704828046455524,0.7357893953465428,,PRUNED
328,0.8748130452845866,2025-09-09 16:11:32.759038,2025-09-09 16:11:47.211518,0 days 00:00:14.452480,balanced,0.6243800019259595,0.030467413812522177,-1,71,0.23309409794644212,2579,185,1.06620400759721e-05,0.00023888743506186587,0.8113382062449065,,PRUNED
329,0.8819965017491255,2025-09-09 16:11:34.965892,2025-09-09 16:13:21.194097,0 days 00:01:46.228205,balanced,0.637069209015007,0.015499526449542842,16,57,0.2189860170320106,1953,236,0.11721962111970027,0.004091549185094993,0.9759299951854126,,PRUNED
330,0.8671479019526381,2025-09-09 16:11:45.283573,2025-09-09 16:13:08.890579,0 days 00:01:23.607006,balanced,0.6339907565686469,0.0023925426788577015,16,57,0.36142282931003333,1945,226,0.9951036268808089,0.0032600444833729768,0.9771141741609455,,PRUNED
331,0.8677295388450352,2025-09-09 16:11:47.620579,2025-09-09 16:12:16.115824,0 days 00:00:28.495245,balanced,0.6351504111377864,0.01481067587438489,16,57,0.3654133396014868,1796,229,4.0246581687523415,0.003462862468473587,0.980441817041306,,PRUNED
332,0.8725799750727046,2025-09-09 16:11:55.423645,2025-09-09 16:12:20.004715,0 days 00:00:24.581070,balanced,0.634292263836284,0.015053064256901422,16,52,0.37627080656992906,1803,229,6.534768277548496e-05,0.0031824579601292835,0.9923544439315473,,PRUNED
333,0.8564707104279186,2025-09-09 16:11:59.863164,2025-09-09 16:12:16.404912,0 days 00:00:16.541748,balanced,0.6768234775846593,0.015641278470190135,16,57,2.459307449041681,1832,227,0.5052538763804579,0.0022990832864275583,0.9940567695472463,,PRUNED
334,0.8754777731616119,2025-09-09 16:12:16.670549,2025-09-09 16:12:49.385260,0 days 00:00:32.714711,balanced,0.6193568414768593,0.012364841101955073,16,50,0.09506411318710568,1915,234,0.7573192399134863,0.001139575232962979,0.9925339072910996,,PRUNED
335,0.8738990444536767,2025-09-09 16:12:16.901781,2025-09-09 16:12:44.105808,0 days 00:00:27.204027,balanced,0.649432860285339,0.016342955814582703,16,51,0.09649850618109607,1417,233,0.8871001204350791,0.003100071991019796,0.9762891657722221,,PRUNED
336,0.877430411300374,2025-09-09 16:12:20.153843,2025-09-09 16:12:58.938056,0 days 00:00:38.784213,balanced,0.6177258725040224,0.012283145444703726,16,51,0.09309110251660321,2029,104,1.0953594804869267,0.001406793577346279,0.9906064688203918,,PRUNED
337,0.867843788948899,2025-09-09 16:12:44.274792,2025-09-09 16:13:03.008132,0 days 00:00:18.733340,balanced,0.6177211418297226,0.025124375966540283,10,48,0.16752371472596483,2018,236,0.30092930793051836,0.0013682603138999657,0.9909092459711397,,PRUNED
338,0.8769007062733694,2025-09-09 16:12:49.562063,2025-09-09 16:13:15.421210,0 days 00:00:25.859147,balanced,0.7439529333147934,0.018460540779741987,10,41,0.18127967582705728,2778,237,0.2705013478453566,0.0014506610301446728,0.6586843949958049,,PRUNED
339,0.8770045700041547,2025-09-09 16:12:59.160170,2025-09-09 16:13:20.227693,0 days 00:00:21.067523,balanced,0.6066459294036266,0.02546622219372546,10,39,0.15974908355216877,1675,243,0.13237918139382562,5.3835746341982786e-05,0.6556406279496636,,PRUNED
340,0.8753739094308267,2025-09-09 16:13:03.232614,2025-09-09 16:13:27.876860,0 days 00:00:24.644246,balanced,0.6002023653337668,0.019038954371574383,10,37,0.007648655557123546,1674,243,0.12111271537393895,0.0007916894522446378,0.9824221085447907,,PRUNED
341,0.8686746987951807,2025-09-09 16:13:09.133382,2025-09-09 16:13:32.976766,0 days 00:00:23.843384,balanced,0.6074194464016763,0.019340382907362865,10,41,0.17613489944972502,2246,242,0.13098492315750915,1.3878785096838069e-05,0.7207174290109825,,PRUNED
342,0.8713751557955961,2025-09-09 16:13:15.816162,2025-09-09 16:13:40.010357,0 days 00:00:24.194195,balanced,0.6074282773744679,0.02122471374489045,10,60,1.3105874587020236,1710,242,0.14121383372133203,0.005768189242065599,0.7292537440646722,,PRUNED
343,0.8664831740756128,2025-09-09 16:13:20.398471,2025-09-09 16:13:45.087239,0 days 00:00:24.688768,balanced,0.6119009562035983,0.019529859345481654,10,60,1.3861538691959303,2236,255,0.5043883954649827,0.008037384056604818,0.9993116140192229,,PRUNED
344,0.8670440382218527,2025-09-09 16:13:21.772573,2025-09-09 16:13:42.356851,0 days 00:00:20.584278,balanced,0.6007638758351389,0.020777996887950664,10,31,1.3762486758352042,1445,77,0.5009464116218624,0.0007792958659314302,0.72162149121711,,PRUNED
345,0.8747091815538016,2025-09-09 16:13:28.171645,2025-09-09 16:13:52.339749,0 days 00:00:24.168104,,0.6259100662134125,0.020796199127709705,10,53,0.49005045826555726,2172,255,0.46366651931565595,0.00046176216426493884,0.8888377384397328,,PRUNED
346,0.8771499792272539,2025-09-09 16:13:33.375281,2025-09-09 16:14:09.684497,0 days 00:00:36.309216,,0.6254719508372955,0.02171893260448403,6,54,0.002393318804566851,1439,248,0.5898112054737287,0.0004462882256609207,0.7336596715665966,,PRUNED
347,0.8732447029497299,2025-09-09 16:13:41.439874,2025-09-09 16:14:15.854276,0 days 00:00:34.414402,,0.6232869523454073,0.01675824501659428,6,29,0.5124534540316774,2314,254,0.5064197516817273,0.0004881176592504286,0.932832548718252,,PRUNED
348,0.8735147486497714,2025-09-09 16:13:43.737553,2025-09-09 16:14:24.942790,0 days 00:00:41.205237,,0.6250489477861638,0.013884709633060866,6,53,0.4916843645654334,1554,255,0.5144510770119519,0.00043145391058583383,0.7362445299763931,,PRUNED
349,0.875,2025-09-09 16:13:45.814665,2025-09-09 16:14:13.381740,0 days 00:00:27.567075,,0.6274581481985698,0.013528009926957985,-1,55,0.007779599757178707,1532,248,0.05371683338811344,0.00045814535519031875,0.7465810943555693,,PRUNED
350,0.875218113834649,2025-09-09 16:13:53.192410,2025-09-09 16:14:35.912262,0 days 00:00:42.719852,balanced,0.6235296844707234,0.013737840081398781,6,47,0.28905643202456777,1532,248,0.008564343936483724,0.00021582217208458132,0.769645252259125,,PRUNED
351,0.875737432488575,2025-09-09 16:14:10.070099,2025-09-09 16:14:56.507888,0 days 00:00:46.437789,balanced,0.7834561640711081,0.01372213431569835,6,47,0.2957583131082555,1542,248,0.0007531446565883287,0.0002138884148789867,0.7697696067692436,,PRUNED
352,0.8708246780224347,2025-09-09 16:14:13.931144,2025-09-09 16:14:55.597749,0 days 00:00:41.666605,balanced,0.647030024736123,0.016676528655366403,6,46,0.2947485728393485,1340,234,0.22840738867813815,0.00014842004411101827,0.740089812031376,,PRUNED
353,0.8698275862068966,2025-09-09 16:14:16.654925,2025-09-09 16:14:39.334496,0 days 00:00:22.679571,balanced,0.6472247329972997,0.016518979417867067,16,46,0.27623108450239475,1347,238,0.0006518492083122027,0.00019999060012899407,0.9629485661254308,,PRUNED
354,0.8446302451184048,2025-09-09 16:14:25.510656,2025-09-09 16:14:37.087506,0 days 00:00:11.576850,balanced,0.6146743993128531,0.023640127248071918,16,47,4.535692311754998,1634,235,0.23749958297148818,0.00025050679146972223,0.9513138192740352,,PRUNED
355,0.8739094308267552,2025-09-09 16:14:36.800925,2025-09-09 16:15:04.611868,0 days 00:00:27.810943,balanced,0.6144496184339697,0.016303108301202997,16,46,0.28828182863274515,2470,232,0.21398691191617197,0.02919458594610223,0.944918973404189,,PRUNED
356,0.8769941836310761,2025-09-09 16:14:37.467524,2025-09-09 16:15:14.716674,0 days 00:00:37.249150,balanced,0.6138345219729004,0.01662060042214305,-1,60,0.10049690740883177,2486,216,1.873496712488604,0.040925334182845,0.7095877872391916,,PRUNED
357,0.8818507412960186,2025-09-09 16:14:40.118437,2025-09-09 16:17:03.412045,0 days 00:02:23.293608,balanced,0.614637971136978,0.017160008670548343,14,68,0.10009465395749963,1755,233,1.5829547319370036,0.00010788022126986273,0.8661420370084101,,PRUNED
358,0.8822255538897218,2025-09-09 16:14:56.161131,2025-09-09 16:16:20.410396,0 days 00:01:24.249265,balanced,0.9950763134570951,0.0260379955625681,14,61,0.09854040850483427,1880,231,7.886827159275925e-07,0.001996034571383855,0.7140887932076443,,PRUNED
359,0.8665662650602408,2025-09-09 16:14:56.918734,2025-09-09 16:15:10.276190,0 days 00:00:13.357456,balanced,0.6131171963880879,0.027466067486272904,14,69,2.173551284779222,1892,232,7.320979756560547e-07,0.002025948228734705,0.7094856872356894,,PRUNED
360,0.8773161611965102,2025-09-09 16:15:04.850674,2025-09-09 16:15:16.500567,0 days 00:00:11.649893,balanced,0.6119830277158314,0.09700799483180882,14,60,0.07926702302822554,1754,217,2.3704612722987135,0.0020503439428189276,0.7087660596351028,,PRUNED
361,0.898967183075129,2025-09-09 16:15:10.758604,2025-09-09 16:19:19.611516,0 days 00:04:08.852912,balanced,0.6082555883875127,0.012264359467697064,-1,60,0.08667853938576965,1740,240,2.21482817368652,0.0007976720852106108,0.7509331633728561,,PRUNED
362,0.8730265891150809,2025-09-09 16:15:16.010956,2025-09-09 16:15:36.654072,0 days 00:00:20.643116,balanced,0.6003771616796302,0.023973466755672024,10,58,0.6426017210362551,1476,159,0.8003157777426448,0.00010190876289763214,0.7489205444134562,,PRUNED
363,0.8773265475695887,2025-09-09 16:15:16.949099,2025-09-09 16:16:01.264331,0 days 00:00:44.315232,balanced,0.7228384089687203,0.009655985331818053,10,56,0.6394038229747772,1493,240,1.5169783515064367e-06,0.0008702745922723701,0.9997057843888286,,PRUNED
364,0.8781754955855405,2025-09-09 16:15:36.882888,2025-09-09 16:16:47.611995,0 days 00:01:10.729107,balanced,0.6090818225529276,0.03631154267184364,-1,54,0.16954474820529358,1600,240,1.2038982343527151,0.0008002551785298251,0.7288351572366341,,PRUNED
365,0.8693498130452847,2025-09-09 16:16:01.536179,2025-09-09 16:16:18.162666,0 days 00:00:16.626487,balanced,0.6070320312259792,0.03639990036508199,-1,17,0.16643710610555312,1633,92,1.1302563952930496,0.0007254139630030698,0.9856951966661965,,PRUNED
366,0.8811531734132932,2025-09-09 16:16:18.461258,2025-09-09 16:18:39.695207,0 days 00:02:21.233949,balanced,0.6001961168701705,0.012346164340019861,-1,67,0.0001018634212371734,1579,244,0.3530763867839221,0.0011390472487965893,0.7297609052719386,,PRUNED
367,0.877253842958039,2025-09-09 16:16:20.721439,2025-09-09 16:16:44.969298,0 days 00:00:24.247859,balanced,0.6188204095090482,0.018336671557276755,-1,51,0.16743097044925015,2101,244,0.3490432126476,0.0011528236156645101,0.6866432762745088,,PRUNED
368,0.8613523057748234,2025-09-09 16:16:45.286248,2025-09-09 16:17:09.141426,0 days 00:00:23.855178,balanced,0.6065163020170158,0.012415179405644718,10,42,1.6907643577235592,1399,225,9.00483122089408e-05,0.0007051411224018499,0.7292295318564594,,PRUNED
369,0.874781886165351,2025-09-09 16:16:48.396821,2025-09-09 16:17:26.860418,0 days 00:00:38.463597,balanced,0.6412252548263064,0.012764948959640018,10,68,0.06957981300335613,1412,250,7.337640306638966e-06,0.0013894207342207141,0.7247350681260692,,PRUNED
370,0.8649252181138346,2025-09-09 16:17:04.423745,2025-09-09 16:17:19.761911,0 days 00:00:15.338166,balanced,0.6000968564559483,0.044221131697702074,10,36,1.062491488387539,1559,225,6.156896830622971e-06,0.0003051914504022925,0.7236874840766856,,PRUNED
371,0.8785711311011162,2025-09-09 16:17:09.605971,2025-09-09 16:18:48.125468,0 days 00:01:38.519497,balanced,0.6313991846256941,0.04374091028705545,10,188,0.0033799671350417506,1573,250,0.3616456403158475,0.001240959534990481,0.740702575602638,,PRUNED
372,0.9005601365983675,2025-09-09 16:17:20.242871,2025-09-09 16:19:55.039534,0 days 00:02:34.796663,balanced,0.8367289596020582,0.015008559735058071,-1,64,0.005598568362278497,1702,246,0.3504719512305428,0.0013892853798356895,0.739384512074699,,PRUNED
373,0.8785503081792436,2025-09-09 16:17:27.408334,2025-09-09 16:18:54.784434,0 days 00:01:27.376100,balanced,0.6312357101426191,0.01498480923058916,-1,64,0.0061783397565652876,1637,25,0.32938832544335644,0.001157054437005631,0.7429021956051186,,PRUNED
374,0.875020772746157,2025-09-09 16:18:40.147438,2025-09-09 16:19:08.741678,0 days 00:00:28.594240,balanced,0.6319958326472431,0.014914908551798282,-1,51,0.40274664265357263,1470,238,0.7454952673085168,0.0006399664306463695,0.7423255517536603,,PRUNED
375,0.8837189186531234,2025-09-09 16:18:48.428987,2025-09-09 16:21:14.726439,0 days 00:02:26.297452,balanced,0.8415911902072423,0.014735807869806324,-1,50,0.41430889570423024,1706,239,3.146828313858545e-05,0.000593105802593851,0.9887344425259089,486.0,COMPLETE
376,0.8744702949729954,2025-09-09 16:18:55.111586,2025-09-09 16:19:13.092554,0 days 00:00:17.980968,balanced,0.6205051666540864,0.029736813629048522,12,50,0.3974550401413012,1706,239,0.784935138027225,3.78732410240916e-06,0.9037943836626922,,PRUNED
377,0.8745326132114666,2025-09-09 16:19:08.972332,2025-09-09 16:19:26.905123,0 days 00:00:17.932791,balanced,0.8395363143624015,0.02901758895619323,12,55,0.23080468942158144,1705,245,0.8058190710688597,0.00029917970861946015,0.9845992614134308,,PRUNED
378,0.8783212560386474,2025-09-09 16:19:13.445289,2025-09-09 16:21:13.701798,0 days 00:02:00.256509,balanced,0.9321215345786544,0.022185560916658315,16,161,0.21694951735014825,1497,245,0.1775214165460403,0.0003757891543886757,0.66940474855392,,PRUNED
379,0.8866923114747847,2025-09-09 16:19:20.205950,2025-09-09 16:21:21.049227,0 days 00:02:00.843277,balanced,0.6595827824165866,0.023299685557022,16,55,0.22741313837627913,1465,198,0.0015044299951951572,3.3799510812304875e-05,0.9879011017897558,363.4,COMPLETE
380,0.8759867054424595,2025-09-09 16:19:27.315362,2025-09-09 16:21:03.924946,0 days 00:01:36.609584,balanced,0.6551149525700976,0.003949004285379746,16,57,0.18949235023277478,2376,44,0.18189495246896795,0.0025754865874383554,0.9917971651465557,,PRUNED
381,0.8722476111341919,2025-09-09 16:19:55.414850,2025-09-09 16:20:16.327432,0 days 00:00:20.912582,balanced,0.619240334173379,0.022014921966416395,16,57,0.22417185254173366,1484,229,0.18834110746906754,0.00256461171591196,0.7862981600188066,,PRUNED
382,0.8666909015371832,2025-09-09 16:20:16.729457,2025-09-09 16:20:41.512986,0 days 00:00:24.783529,balanced,0.6416325010140529,0.019150765275785388,10,41,0.18300067938144485,1639,242,0.07246962583852071,0.0005084867681693533,0.6675948014664372,,PRUNED
383,0.871510178645617,2025-09-09 16:20:42.183480,2025-09-09 16:21:57.775638,0 days 00:01:15.592158,balanced,0.61851970683205,0.01035917929460134,4,43,0.33373459403595485,1507,250,0.6128590308552014,0.00036490320479127744,0.9948176096853293,,PRUNED
384,0.8749376817615289,2025-09-09 16:21:04.521776,2025-09-09 16:21:39.376415,0 days 00:00:34.854639,balanced,0.618988253465333,0.02296974124882445,10,72,0.31522552161126804,1498,251,3.33758461447828e-05,0.01608004580538112,0.7168273199547509,,PRUNED
385,0.8718944744495223,2025-09-09 16:21:14.867512,2025-09-09 16:22:11.418726,0 days 00:00:56.551214,balanced,0.8547025773481463,0.018826243007781365,4,43,0.30208823172355315,1838,251,0.5637554683412529,5.2561197948338203e-08,0.7172326364882733,,PRUNED
386,0.8771395928541753,2025-09-09 16:21:16.178603,2025-09-09 16:21:54.045370,0 days 00:00:37.866767,balanced,0.6075353406375499,0.018690608877576443,10,43,0.3087568299565683,1826,200,0.6072114860700016,0.0016045353644273562,0.9718318056619759,,PRUNED
387,0.8734939759036144,2025-09-09 16:21:22.368609,2025-09-09 16:21:51.548127,0 days 00:00:29.179518,balanced,0.6505926256513441,0.024145469953053444,16,53,0.34770528573449716,1222,198,0.005662198018608665,0.0009127731928359233,0.9783103425386818,,PRUNED
388,0.877233070211882,2025-09-09 16:21:40.047886,2025-09-09 16:22:17.814924,0 days 00:00:37.767038,balanced,0.6517212099098909,0.026326133390035783,16,120,0.3254066641440999,1381,200,1.2929225981919412,2.6003427272834167e-05,0.9819517409833843,,PRUNED
389,,2025-09-09 16:21:52.242668,,,balanced,0.6641488347009739,0.027377697852076992,16,36,0.28958852318395234,1394,205,3.781518334988816e-06,0.24258109374310205,0.9731297769967564,,RUNNING
390,0.870835064395513,2025-09-09 16:21:54.969189,2025-09-09 16:22:15.148973,0 days 00:00:20.179784,balanced,0.6587101675742149,0.026696209480340783,16,35,0.147524425541164,1393,194,0.010998902832017881,1.549330318618199e-05,0.9612511386697327,,PRUNED
391,0.8721333610303282,2025-09-09 16:21:58.533592,2025-09-09 16:22:17.102674,0 days 00:00:18.569082,balanced,0.6478873185293677,0.027287882384602204,16,37,0.1437443402833934,1367,182,0.0109913285797395,2.716826659158877e-05,0.9829460113718906,,PRUNED
392,0.8735147486497714,2025-09-09 16:22:11.751548,2025-09-09 16:22:38.453907,0 days 00:00:26.702359,balanced,0.657208693147708,0.026792161668813624,16,49,0.14233161248180243,1385,179,1.20501621399021,2.8270046451607987e-05,0.9990714537026276,,PRUNED
393,0.8733174075612795,2025-09-09 16:22:16.366281,2025-09-09 16:22:40.595796,0 days 00:00:24.229515,balanced,0.6436624744733817,0.02129156243116852,16,49,0.479410684758789,1439,167,0.01776476625122543,5.4023180403871225e-05,0.9888406639620162,,PRUNED
394,,2025-09-09 16:22:17.696920,,,balanced,0.6623938620768254,0.0013379133923739736,16,50,0.44935865267955083,1421,226,0.0012039061915153633,7.650553552859421e-05,0.9946984113557591,,RUNNING
395,0.8681657665143332,2025-09-09 16:22:18.711376,2025-09-09 16:22:37.675666,0 days 00:00:18.964290,balanced,0.640254535619782,0.020915713420044245,16,24,0.5165372900726408,1438,222,0.03856494304901699,6.82025000600779e-05,0.9924285319362061,,PRUNED
396,0.8439862899875363,2025-09-09 16:22:38.232411,2025-09-09 16:22:46.880772,0 days 00:00:08.648361,balanced,0.6624064019626456,0.020930731286179727,-1,49,3.3152573454901964,1443,210,1.0267385898007324,0.0016711186147132227,0.9968432527228499,,PRUNED
397,0.873743248857499,2025-09-09 16:22:38.944713,2025-09-09 16:22:52.270393,0 days 00:00:13.325680,balanced,0.6391261340843212,0.020857926693378433,-1,55,0.23171010399556816,1437,115,0.002144017863423316,4.130792349436253e-05,0.6800147749130435,,PRUNED
398,0.8769837972579975,2025-09-09 16:22:41.224036,2025-09-09 16:22:50.521518,0 days 00:00:09.297482,,0.6269046453153774,0.03164181735185226,-1,54,0.23513546879272051,1536,192,0.9156476120047093,3.867511305996143e-05,0.8353624763833271,,PRUNED
399,,2025-09-09 16:22:46.945015,,,,0.9186291645045462,0.03202331788736679,-1,54,0.24855325439949413,1542,208,3.999170317153407e-06,4.083830996118859e-05,0.9749177929475815,,RUNNING
400,,2025-09-09 16:22:50.635049,,,balanced,0.6062417022215456,0.017752757221777778,-1,62,0.9450227095560748,1304,208,0.0015553537772363892,0.0008375583123877315,0.6809015288617071,,RUNNING
401,,2025-09-09 16:22:52.455171,,,balanced,0.6067734036572464,0.017603451751536218,-1,62,0.09881455584422738,1589,207,0.393820876767881,0.000839232657551948,0.9789394932230474,,RUNNING
